,ZCTA,All_death,Heart_death
0,95314,0.0,0.0
1,90001,275.0,57.0
2,90002,252.0,62.0
3,90003,375.0,91.0
4,90004,285.0,63.0
5,90005,193.0,39.0
6,90006,295.0,73.0
7,90007,135.0,30.0
8,90008,317.0,85.0
9,90010,26.0,
10,90011,407.0,90.0
11,90012,196.0,48.0
12,90013,143.0,43.0
13,90014,98.0,33.0
14,90015,93.0,22.0
15,90016,323.0,72.0
16,90017,110.0,30.0
17,90018,346.0,98.0
18,90019,393.0,106.0
19,90020,151.0,40.0
20,90021,31.0,
21,90022,377.0,90.0
22,90023,240.0,61.0
23,90024,189.0,54.0
24,90025,220.0,52.0
25,90026,288.0,61.0
26,90027,311.0,90.0
27,90028,195.0,48.0
28,90029,246.0,64.0
29,90031,243.0,62.0
30,90032,276.0,72.0
31,90033,291.0,67.0
32,90034,239.0,64.0
33,90035,196.0,51.0
34,90036,208.0,63.0
35,90037,359.0,96.0
36,90038,124.0,29.0
37,90039,189.0,44.0
38,90040,88.0,23.0
39,90041,192.0,57.0
40,90042,282.0,84.0
41,90043,492.0,163.0
42,90044,621.0,164.0
43,90045,234.0,68.0
44,90046,348.0,100.0
45,90047,480.0,117.0
46,90048,178.0,52.0
47,90049,269.0,65.0
48,90056,91.0,21.0
49,90057,271.0,64.0
50,90058,16.0,
51,90059,240.0,58.0
52,90061,197.0,41.0
53,90062,215.0,60.0
54,90063,274.0,55.0
55,90064,181.0,43.0
56,90065,218.0,52.0
57,90066,365.0,90.0
58,90067,48.0,17.0
59,90068,134.0,37.0
60,90069,146.0,35.0
61,90071,0.0,0.0
62,90073,19.0,
63,90077,72.0,19.0
64,90079,0.0,0.0
65,90089,0.0,0.0
66,90090,0.0,0.0
67,90094,40.0,13.0
68,90201,387.0,92.0
69,90210,191.0,47.0
70,90211,55.0,17.0
71,90212,64.0,19.0
72,90220,351.0,96.0
73,90221,290.0,80.0
74,90222,199.0,38.0
75,90230,214.0,49.0
76,90232,98.0,25.0
77,90240,171.0,51.0
78,90241,256.0,67.0
79,90242,260.0,64.0
80,90245,87.0,24.0
81,90247,363.0,100.0
82,90248,98.0,28.0
83,90249,241.0,59.0
84,90250,525.0,136.0
85,90254,113.0,27.0
86,90255,309.0,71.0
87,90260,152.0,35.0
88,90262,283.0,67.0
89,90263,0.0,0.0
90,90265,91.0,26.0
91,90266,177.0,39.0
92,90270,100.0,23.0
93,90272,185.0,46.0
94,90274,236.0,64.0
95,90275,446.0,115.0
96,90277,247.0,58.0
97,90278,206.0,58.0
98,90280,456.0,102.0
99,90290,30.0,
100,90291,125.0,28.0
101,90292,125.0,36.0
102,90293,73.0,21.0
103,90301,231.0,69.0
104,90302,169.0,44.0
105,90303,180.0,40.0
106,90304,118.0,29.0
107,90305,163.0,50.0
108,90401,70.0,16.0
109,90402,92.0,24.0
110,90403,179.0,42.0
111,90404,209.0,66.0
112,90405,201.0,50.0
113,90501,258.0,74.0
114,90502,172.0,54.0
115,90503,366.0,97.0
116,90504,223.0,65.0
117,90505,289.0,74.0
118,90506,0.0,0.0
119,90601,225.0,55.0
120,90602,155.0,27.0
121,90603,198.0,50.0
122,90604,292.0,69.0
123,90605,263.0,65.0
124,90606,249.0,57.0
125,90620,379.0,117.0
126,90621,175.0,43.0
127,90623,134.0,31.0
128,90630,336.0,86.0
129,90631,537.0,124.0
130,90638,420.0,104.0
131,90640,462.0,126.0
132,90650,649.0,159.0
133,90660,478.0,117.0
134,90670,125.0,33.0
135,90680,224.0,53.0
136,90701,154.0,34.0
137,90703,367.0,84.0
138,90704,16.0,
139,90706,450.0,101.0
140,90710,186.0,52.0
141,90712,230.0,69.0
142,90713,220.0,61.0
143,90715,132.0,33.0
144,90716,58.0,15.0
145,90717,191.0,46.0
146,90720,193.0,53.0
147,90723,277.0,77.0
148,90731,440.0,118.0
149,90732,205.0,48.0
150,90740,475.0,128.0
151,90744,298.0,64.0
152,90745,478.0,117.0
153,90746,249.0,56.0
154,90755,75.0,18.0
155,90802,259.0,68.0
156,90803,234.0,67.0
157,90804,194.0,46.0
158,90805,542.0,137.0
159,90806,274.0,84.0
160,90807,336.0,92.0
161,90808,342.0,102.0
162,90810,240.0,70.0
163,90813,305.0,78.0
164,90814,101.0,18.0
165,90815,314.0,97.0
166,90831,0.0,0.0
167,91001,315.0,82.0
168,91006,221.0,64.0
169,91007,277.0,87.0
170,91008,11.0,
171,91010,243.0,79.0
172,91011,130.0,38.0
173,91016,290.0,81.0
174,91020,76.0,17.0
175,91024,100.0,30.0
176,91030,145.0,37.0
177,91040,187.0,56.0
178,91042,196.0,51.0
179,91101,140.0,36.0
180,91103,232.0,60.0
181,91104,253.0,67.0
182,91105,139.0,37.0
183,91106,130.0,36.0
184,91107,246.0,79.0
185,91108,84.0,35.0
186,91201,171.0,49.0
187,91202,180.0,50.0
188,91203,87.0,24.0
189,91204,142.0,38.0
190,91205,315.0,94.0
191,91206,277.0,77.0
192,91207,103.0,35.0
193,91208,105.0,29.0
194,91214,215.0,59.0
195,91301,160.0,36.0
196,91302,156.0,36.0
197,91303,105.0,36.0
198,91304,326.0,107.0
199,91306,277.0,58.0
200,91307,232.0,67.0
201,91311,364.0,114.0
202,91316,225.0,66.0
203,91320,239.0,60.0
204,91321,239.0,65.0
205,91324,268.0,82.0
206,91325,252.0,69.0
207,91326,291.0,83.0
208,91330,0.0,0.0
209,91331,513.0,131.0
210,91335,578.0,169.0
211,91340,165.0,39.0
212,91342,558.0,147.0
213,91343,354.0,101.0
214,91344,412.0,118.0
215,91345,158.0,68.0
216,91350,205.0,40.0
217,91351,179.0,54.0
218,91352,304.0,71.0
219,91354,130.0,37.0
220,91355,249.0,62.0
221,91356,240.0,71.0
222,91360,442.0,107.0
223,91361,177.0,42.0
224,91362,241.0,53.0
225,91364,242.0,63.0
226,91367,297.0,78.0
227,91371,0.0,0.0
228,91377,53.0,15.0
229,91381,68.0,21.0
230,91384,115.0,34.0
231,91387,224.0,53.0
232,91390,92.0,23.0
233,91401,250.0,57.0
234,91402,341.0,89.0
235,91403,177.0,46.0
236,91405,263.0,76.0
237,91406,286.0,79.0
238,91411,156.0,47.0
239,91423,185.0,34.0
240,91436,141.0,37.0
241,91501,121.0,26.0
242,91502,104.0,33.0
243,91504,173.0,48.0
244,91505,196.0,54.0
245,91506,175.0,46.0
246,91601,148.0,44.0
247,91602,94.0,22.0
248,91604,176.0,50.0
249,91605,323.0,68.0
250,91606,267.0,77.0
251,91607,201.0,49.0
252,91608,0.0,0.0
253,91701,282.0,73.0
254,91702,359.0,84.0
255,91706,401.0,98.0
256,91708,27.0,
257,91709,320.0,77.0
258,91710,458.0,109.0
259,91711,367.0,100.0
260,91722,252.0,53.0
261,91723,144.0,37.0
262,91724,225.0,54.0
263,91730,370.0,98.0
264,91731,173.0,34.0
265,91732,343.0,76.0
266,91733,265.0,58.0
267,91737,134.0,34.0
268,91739,158.0,30.0
269,91740,243.0,59.0
270,91741,235.0,75.0
271,91744,480.0,103.0
272,91745,407.0,104.0
273,91746,189.0,53.0
274,91748,283.0,58.0
275,91750,321.0,79.0
276,91752,214.0,51.0
277,91754,303.0,67.0
278,91755,233.0,48.0
279,91761,303.0,65.0
280,91762,382.0,86.0
281,91763,235.0,67.0
282,91764,276.0,57.0
283,91765,257.0,57.0
284,91766,315.0,82.0
285,91767,359.0,87.0
286,91768,217.0,52.0
287,91770,469.0,116.0
288,91773,316.0,98.0
289,91775,173.0,32.0
290,91776,233.0,60.0
291,91780,250.0,55.0
292,91784,224.0,51.0
293,91786,398.0,107.0
294,91789,248.0,60.0
295,91790,289.0,83.0
296,91791,256.0,56.0
297,91792,174.0,30.0
298,91801,370.0,106.0
299,91803,213.0,41.0
300,91901,154.0,34.0
301,91902,161.0,28.0
302,91905,20.0,
303,91906,24.0,
304,91910,630.0,132.0
305,91911,595.0,141.0
306,91913,195.0,30.0
307,91914,76.0,0.0
308,91915,90.0,17.0
309,91916,12.0,
310,91917,0.0,0.0
311,91932,175.0,33.0
312,91934,15.0,
313,91935,76.0,19.0
314,91941,277.0,57.0
315,91942,390.0,92.0
316,91945,254.0,47.0
317,91950,477.0,103.0
318,91962,11.0,
319,91963,12.0,
320,91977,447.0,101.0
321,91978,64.0,11.0
322,92003,31.0,
323,92004,47.0,12.0
324,92007,72.0,12.0
325,92008,260.0,60.0
326,92009,268.0,67.0
327,92010,91.0,
328,92011,140.0,23.0
329,92014,84.0,17.0
330,92019,363.0,78.0
331,92020,547.0,116.0
332,92021,563.0,124.0
333,92024,400.0,84.0
334,92025,348.0,63.0
335,92026,446.0,83.0
336,92027,413.0,82.0
337,92028,424.0,98.0
338,92029,200.0,40.0
339,92036,39.0,
340,92037,350.0,70.0
341,92040,417.0,96.0
342,92054,270.0,64.0
343,92055,14.0,0.0
344,92056,483.0,108.0
345,92057,364.0,88.0
346,92058,157.0,42.0
347,92059,15.0,
348,92061,18.0,
349,92064,363.0,69.0
350,92065,258.0,45.0
351,92067,51.0,
352,92069,274.0,52.0
353,92070,12.0,
354,92071,459.0,97.0
355,92075,99.0,21.0
356,92078,386.0,98.0
357,92081,200.0,42.0
358,92082,155.0,30.0
359,92083,219.0,40.0
360,92084,391.0,95.0
361,92086,23.0,
362,92091,22.0,
363,92101,317.0,78.0
364,92102,201.0,32.0
365,92103,293.0,66.0
366,92104,210.0,53.0
367,92105,389.0,76.0
368,92106,155.0,35.0
369,92107,177.0,44.0
370,92108,108.0,24.0
371,92109,287.0,74.0
372,92110,215.0,51.0
373,92111,322.0,79.0
374,92113,279.0,64.0
375,92114,532.0,147.0
376,92115,327.0,69.0
377,92116,143.0,19.0
378,92117,445.0,103.0
379,92118,130.0,29.0
380,92119,211.0,43.0
381,92120,265.0,64.0
382,92121,18.0,0.0
383,92122,289.0,66.0
384,92123,226.0,50.0
385,92124,114.0,22.0
386,92126,383.0,80.0
387,92127,224.0,30.0
388,92128,440.0,88.0
389,92129,230.0,36.0
390,92130,176.0,35.0
391,92131,133.0,26.0
392,92139,230.0,57.0
393,92147,0.0,0.0
394,92154,478.0,94.0
395,92173,186.0,35.0
396,92201,424.0,128.0
397,92203,223.0,56.0
398,92210,75.0,26.0
399,92211,387.0,127.0
400,92220,526.0,146.0
401,92223,438.0,118.0
402,92225,164.0,45.0
403,92227,168.0,28.0
404,92230,37.0,
405,92231,218.0,35.0
406,92233,20.0,
407,92234,453.0,150.0
408,92236,162.0,46.0
409,92240,308.0,78.0
410,92241,106.0,36.0
411,92242,42.0,12.0
412,92243,346.0,76.0
413,92249,41.0,
414,92250,54.0,
415,92251,83.0,17.0
416,92252,113.0,38.0
417,92253,347.0,99.0
418,92254,35.0,11.0
419,92256,43.0,
420,92257,25.0,12.0
421,92260,452.0,154.0
422,92262,351.0,100.0
423,92264,309.0,90.0
424,92270,332.0,97.0
425,92273,15.0,
426,92274,79.0,20.0
427,92275,21.0,
428,92276,85.0,26.0
429,92277,167.0,46.0
430,92281,15.0,
431,92282,14.0,
432,92283,35.0,
433,92284,345.0,97.0
434,92285,51.0,15.0
435,92301,220.0,53.0
436,92307,421.0,111.0
437,92308,493.0,147.0
438,92311,360.0,85.0
439,92313,107.0,35.0
440,92314,98.0,22.0
441,92315,54.0,11.0
442,92316,165.0,41.0
443,92320,124.0,33.0
444,92324,331.0,88.0
445,92325,84.0,21.0
446,92335,472.0,90.0
447,92336,396.0,84.0
448,92337,134.0,18.0
449,92338,0.0,0.0
450,92342,84.0,21.0
451,92344,104.0,26.0
452,92345,712.0,178.0
453,92346,400.0,100.0
454,92347,11.0,
455,92352,65.0,15.0
456,92354,216.0,64.0
457,92356,99.0,25.0
458,92358,11.0,
459,92359,64.0,15.0
460,92363,76.0,11.0
461,92364,0.0,0.0
462,92365,32.0,
463,92368,12.0,
464,92371,171.0,39.0
465,92372,50.0,15.0
466,92373,364.0,98.0
467,92374,303.0,67.0
468,92376,470.0,124.0
469,92377,133.0,25.0
470,92382,43.0,
471,92384,0.0,0.0
472,92386,34.0,
473,92389,0.0,0.0
474,92391,16.0,
475,92392,409.0,87.0
476,92394,209.0,45.0
477,92395,485.0,124.0
478,92397,35.0,
479,92398,20.0,
480,92399,541.0,141.0
481,92401,17.0,0.0
482,92404,546.0,135.0
483,92405,196.0,51.0
484,92407,393.0,70.0
485,92408,97.0,22.0
486,92410,317.0,59.0
487,92411,193.0,39.0
488,92501,155.0,40.0
489,92503,572.0,143.0
490,92504,508.0,130.0
491,92505,320.0,75.0
492,92506,368.0,107.0
493,92507,303.0,87.0
494,92508,152.0,43.0
495,92509,471.0,119.0
496,92518,42.0,
497,92530,309.0,78.0
498,92532,110.0,20.0
499,92536,42.0,13.0
500,92539,60.0,13.0
501,92543,530.0,163.0
502,92544,519.0,137.0
503,92545,651.0,192.0
504,92548,77.0,24.0
505,92549,54.0,12.0
506,92551,160.0,36.0
507,92553,401.0,85.0
508,92555,248.0,51.0
509,92557,295.0,85.0
510,92561,20.0,
511,92562,432.0,111.0
512,92563,380.0,94.0
513,92567,52.0,16.0
514,92570,333.0,77.0
515,92571,230.0,51.0
516,92582,104.0,25.0
517,92583,290.0,79.0
518,92584,300.0,80.0
519,92585,188.0,59.0
520,92586,520.0,162.0
521,92587,112.0,33.0
522,92590,22.0,0.0
523,92591,246.0,70.0
524,92592,349.0,89.0
525,92595,257.0,67.0
526,92596,128.0,21.0
527,92602,61.0,
528,92603,77.0,22.0
529,92604,158.0,44.0
530,92606,71.0,11.0
531,92610,28.0,
532,92612,145.0,32.0
533,92614,92.0,17.0
534,92617,11.0,0.0
535,92618,101.0,21.0
536,92620,177.0,37.0
537,92624,85.0,23.0
538,92625,132.0,39.0
539,92626,369.0,85.0
540,92627,360.0,82.0
541,92629,222.0,50.0
542,92630,450.0,89.0
543,92637,595.0,179.0
544,92646,493.0,116.0
545,92647,402.0,88.0
546,92648,322.0,64.0
547,92649,279.0,70.0
548,92651,170.0,35.0
549,92653,276.0,79.0
550,92655,68.0,16.0
551,92656,193.0,51.0
552,92657,43.0,
553,92660,276.0,76.0
554,92661,29.0,
555,92662,39.0,11.0
556,92663,150.0,42.0
557,92672,261.0,72.0
558,92673,173.0,44.0
559,92675,294.0,78.0
560,92677,390.0,90.0
561,92679,129.0,26.0
562,92683,672.0,170.0
563,92688,163.0,41.0
564,92691,450.0,109.0
565,92692,369.0,92.0
566,92694,90.0,
567,92701,198.0,47.0
568,92703,299.0,72.0
569,92704,370.0,83.0
570,92705,345.0,80.0
571,92706,225.0,51.0
572,92707,252.0,54.0
573,92708,516.0,138.0
574,92780,310.0,69.0
575,92782,80.0,21.0
576,92801,405.0,102.0
577,92802,254.0,62.0
578,92804,625.0,158.0
579,92805,307.0,60.0
580,92806,247.0,58.0
581,92807,268.0,66.0
582,92808,95.0,20.0
583,92821,253.0,76.0
584,92823,39.0,12.0
585,92831,231.0,58.0
586,92832,183.0,44.0
587,92833,290.0,80.0
588,92835,276.0,64.0
589,92840,342.0,74.0
590,92841,246.0,45.0
591,92843,242.0,59.0
592,92844,129.0,24.0
593,92845,127.0,29.0
594,92860,203.0,58.0
595,92861,67.0,20.0
596,92865,136.0,30.0
597,92866,97.0,21.0
598,92867,300.0,72.0
599,92868,176.0,44.0
600,92869,267.0,50.0
601,92870,361.0,83.0
602,92879,280.0,79.0
603,92880,285.0,65.0
604,92881,163.0,36.0
605,92882,371.0,93.0
606,92883,166.0,44.0
607,92886,343.0,85.0
608,92887,115.0,34.0
609,93001,229.0,51.0
610,93003,474.0,119.0
611,93004,229.0,56.0
612,93010,406.0,100.0
613,93012,336.0,86.0
614,93013,133.0,34.0
615,93015,98.0,26.0
616,93021,187.0,53.0
617,93022,50.0,
618,93023,223.0,53.0
619,93030,303.0,52.0
620,93033,416.0,78.0
621,93035,184.0,40.0
622,93036,242.0,43.0
623,93041,153.0,24.0
624,93042,0.0,0.0
625,93043,0.0,0.0
626,93060,226.0,49.0
627,93063,432.0,117.0
628,93064,0.0,0.0
629,93065,495.0,126.0
630,93066,23.0,
631,93101,156.0,48.0
632,93103,112.0,23.0
633,93105,302.0,80.0
634,93108,112.0,25.0
635,93109,104.0,12.0
636,93110,161.0,46.0
637,93111,215.0,61.0
638,93117,218.0,40.0
639,93201,14.0,
640,93202,31.0,
641,93203,73.0,17.0
642,93204,34.0,
643,93205,50.0,12.0
644,93206,13.0,
645,93208,0.0,0.0
646,93210,83.0,30.0
647,93212,107.0,26.0
648,93215,272.0,74.0
649,93219,44.0,12.0
650,93221,133.0,44.0
651,93222,20.0,
652,93223,52.0,13.0
653,93225,35.0,12.0
654,93230,505.0,121.0
655,93234,27.0,
656,93235,27.0,
657,93238,30.0,
658,93240,123.0,28.0
659,93241,83.0,18.0
660,93242,14.0,
661,93243,14.0,
662,93245,185.0,36.0
663,93247,114.0,27.0
664,93250,60.0,13.0
665,93252,23.0,
666,93256,15.0,
667,93257,601.0,138.0
668,93262,0.0,0.0
669,93263,132.0,25.0
670,93265,52.0,12.0
671,93267,35.0,
672,93268,108.0,18.0
673,93270,40.0,
674,93271,18.0,0.0
675,93274,498.0,110.0
676,93277,453.0,117.0
677,93280,107.0,22.0
678,93283,49.0,15.0
679,93285,56.0,18.0
680,93286,52.0,14.0
681,93291,321.0,75.0
682,93292,278.0,47.0
683,93301,169.0,40.0
684,93304,420.0,100.0
685,93305,299.0,53.0
686,93306,549.0,115.0
687,93307,517.0,104.0
688,93308,539.0,104.0
689,93309,491.0,120.0
690,93311,275.0,51.0
691,93312,383.0,96.0
692,93313,244.0,46.0
693,93314,195.0,55.0
694,93401,276.0,51.0
695,93402,148.0,24.0
696,93405,131.0,31.0
697,93410,0.0,0.0
698,93420,305.0,60.0
699,93422,306.0,55.0
700,93424,14.0,
701,93426,13.0,
702,93427,45.0,11.0
703,93428,84.0,13.0
704,93430,22.0,0.0
705,93432,14.0,
706,93433,94.0,29.0
707,93434,47.0,
708,93436,435.0,102.0
709,93437,0.0,0.0
710,93440,11.0,
711,93441,12.0,
712,93442,149.0,32.0
713,93444,185.0,40.0
714,93445,49.0,0.0
715,93446,383.0,74.0
716,93449,75.0,0.0
717,93451,21.0,
718,93453,33.0,
719,93454,316.0,87.0
720,93455,396.0,102.0
721,93458,282.0,64.0
722,93460,51.0,13.0
723,93461,13.0,
724,93463,107.0,18.0
725,93465,74.0,15.0
726,93501,46.0,14.0
727,93505,101.0,26.0
728,93510,60.0,
729,93513,20.0,
730,93514,153.0,37.0
731,93516,29.0,0.0
732,93518,19.0,
733,93523,13.0,
734,93526,13.0,
735,93527,25.0,
736,93530,0.0,0.0
737,93532,24.0,
738,93534,457.0,114.0
739,93535,519.0,117.0
740,93536,528.0,123.0
741,93543,115.0,25.0
742,93544,20.0,
743,93545,25.0,
744,93546,20.0,
745,93549,0.0,0.0
746,93550,429.0,104.0
747,93551,399.0,104.0
748,93552,195.0,37.0
749,93553,30.0,
750,93555,294.0,86.0
751,93560,143.0,35.0
752,93561,286.0,68.0
753,93562,20.0,
754,93591,50.0,11.0
755,93601,24.0,
756,93602,41.0,15.0
757,93604,12.0,0.0
758,93609,31.0,
759,93610,134.0,34.0
760,93611,351.0,79.0
761,93612,309.0,69.0
762,93614,135.0,27.0
763,93615,31.0,0.0
764,93616,17.0,
765,93618,175.0,41.0
766,93619,222.0,61.0
767,93620,83.0,15.0
768,93622,44.0,
769,93625,65.0,17.0
770,93626,17.0,
771,93627,0.0,0.0
772,93630,105.0,25.0
773,93631,125.0,30.0
774,93634,0.0,0.0
775,93635,241.0,45.0
776,93636,108.0,18.0
777,93637,257.0,59.0
778,93638,270.0,61.0
779,93640,51.0,
780,93643,41.0,
781,93644,115.0,26.0
782,93646,42.0,
783,93647,41.0,
784,93648,85.0,17.0
785,93650,42.0,
786,93651,16.0,
787,93653,11.0,
788,93654,232.0,59.0
789,93656,40.0,
790,93657,245.0,48.0
791,93660,14.0,
792,93662,207.0,44.0
793,93667,21.0,
794,93675,41.0,
795,93701,69.0,22.0
796,93702,306.0,59.0
797,93703,222.0,44.0
798,93704,273.0,72.0
799,93705,269.0,55.0
800,93706,384.0,91.0
801,93710,286.0,74.0
802,93711,358.0,84.0
803,93720,376.0,107.0
804,93721,84.0,26.0
805,93722,525.0,112.0
806,93723,74.0,14.0
807,93725,194.0,50.0
808,93726,311.0,78.0
809,93727,547.0,122.0
810,93728,155.0,33.0
811,93730,74.0,23.0
812,93901,236.0,50.0
813,93905,189.0,37.0
814,93906,326.0,75.0
815,93907,141.0,27.0
816,93908,83.0,16.0
817,93921,36.0,
818,93923,179.0,33.0
819,93924,57.0,12.0
820,93926,40.0,
821,93927,78.0,19.0
822,93928,0.0,0.0
823,93930,79.0,15.0
824,93933,139.0,19.0
825,93940,314.0,71.0
826,93943,0.0,0.0
827,93950,144.0,29.0
828,93953,58.0,17.0
829,93955,216.0,46.0
830,93960,88.0,19.0
831,94002,179.0,48.0
832,94005,21.0,
833,94010,311.0,66.0
834,94014,280.0,65.0
835,94015,448.0,116.0
836,94019,119.0,22.0
837,94022,160.0,32.0
838,94024,156.0,31.0
839,94025,242.0,55.0
840,94027,50.0,14.0
841,94028,56.0,11.0
842,94030,174.0,47.0
843,94037,19.0,
844,94038,21.0,
845,94040,187.0,44.0
846,94041,45.0,0.0
847,94043,110.0,26.0
848,94044,247.0,63.0
849,94061,244.0,40.0
850,94062,181.0,31.0
851,94063,123.0,37.0
852,94065,38.0,13.0
853,94066,271.0,63.0
854,94070,188.0,39.0
855,94074,0.0,0.0
856,94080,433.0,108.0
857,94085,58.0,14.0
858,94086,163.0,32.0
859,94087,330.0,64.0
860,94089,143.0,23.0
861,94102,379.0,74.0
862,94103,268.0,59.0
863,94104,0.0,0.0
864,94105,26.0,0.0
865,94107,116.0,22.0
866,94108,104.0,29.0
867,94109,478.0,112.0
868,94110,375.0,72.0
869,94111,34.0,0.0
870,94112,580.0,156.0
871,94114,147.0,26.0
872,94115,283.0,70.0
873,94116,405.0,88.0
874,94117,196.0,35.0
875,94118,273.0,59.0
876,94121,311.0,75.0
877,94122,363.0,87.0
878,94123,135.0,29.0
879,94124,274.0,67.0
880,94127,146.0,34.0
881,94128,0.0,0.0
882,94129,12.0,
883,94131,176.0,40.0
884,94132,193.0,51.0
885,94133,216.0,50.0
886,94134,290.0,56.0
887,94158,24.0,0.0
888,94301,123.0,21.0
889,94303,263.0,59.0
890,94304,45.0,
891,94305,15.0,0.0
892,94306,159.0,27.0
893,94401,234.0,66.0
894,94402,179.0,45.0
895,94403,290.0,69.0
896,94404,189.0,50.0
897,94501,474.0,94.0
898,94502,83.0,17.0
899,94503,134.0,34.0
900,94505,96.0,15.0
901,94506,128.0,17.0
902,94507,109.0,20.0
903,94508,22.0,
904,94509,540.0,95.0
905,94510,190.0,33.0
906,94511,37.0,
907,94512,0.0,0.0
908,94513,389.0,67.0
909,94514,14.0,
910,94515,63.0,
911,94517,88.0,11.0
912,94518,235.0,40.0
913,94519,137.0,27.0
914,94520,255.0,55.0
915,94521,361.0,52.0
916,94523,270.0,58.0
917,94525,35.0,
918,94526,239.0,32.0
919,94530,199.0,40.0
920,94531,285.0,55.0
921,94533,604.0,104.0
922,94534,286.0,40.0
923,94536,432.0,78.0
924,94538,335.0,75.0
925,94539,216.0,43.0
926,94541,467.0,91.0
927,94542,70.0,11.0
928,94544,491.0,111.0
929,94545,253.0,52.0
930,94546,358.0,71.0
931,94547,141.0,19.0
932,94549,188.0,34.0
933,94550,392.0,88.0
934,94551,195.0,41.0
935,94552,99.0,22.0
936,94553,375.0,58.0
937,94555,138.0,18.0
938,94556,123.0,20.0
939,94558,620.0,160.0
940,94559,202.0,48.0
941,94560,238.0,41.0
942,94561,231.0,42.0
943,94563,132.0,22.0
944,94564,174.0,23.0
945,94565,558.0,91.0
946,94566,247.0,36.0
947,94568,200.0,34.0
948,94571,140.0,26.0
949,94572,83.0,13.0
950,94573,0.0,0.0
951,94574,82.0,20.0
952,94577,374.0,72.0
953,94578,262.0,55.0
954,94579,168.0,35.0
955,94580,213.0,47.0
956,94582,99.0,16.0
957,94583,209.0,37.0
958,94585,184.0,19.0
959,94587,443.0,98.0
960,94588,166.0,31.0
961,94589,279.0,47.0
962,94590,310.0,59.0
963,94591,436.0,65.0
964,94595,399.0,82.0
965,94596,150.0,27.0
966,94597,140.0,28.0
967,94598,277.0,59.0
968,94599,112.0,28.0
969,94601,326.0,50.0
970,94602,219.0,50.0
971,94603,228.0,58.0
972,94605,361.0,65.0
973,94606,216.0,46.0
974,94607,198.0,32.0
975,94608,197.0,44.0
976,94609,151.0,38.0
977,94610,207.0,43.0
978,94611,280.0,68.0
979,94612,144.0,33.0
980,94613,0.0,0.0
981,94618,105.0,19.0
982,94619,193.0,51.0
983,94621,230.0,40.0
984,94702,145.0,30.0
985,94703,97.0,22.0
986,94704,48.0,0.0
987,94705,107.0,23.0
988,94706,94.0,24.0
989,94707,95.0,19.0
990,94708,76.0,16.0
991,94709,42.0,15.0
992,94710,46.0,
993,94801,185.0,32.0
994,94803,205.0,43.0
995,94804,294.0,49.0
996,94805,81.0,22.0
997,94806,405.0,84.0
998,94850,0.0,0.0
999,94901,253.0,43.0
1000,94903,352.0,62.0
1001,94904,118.0,29.0
1002,94920,104.0,18.0
1003,94924,11.0,
1004,94925,74.0,19.0
1005,94928,277.0,61.0
1006,94930,51.0,14.0
1007,94931,62.0,
1008,94937,13.0,
1009,94939,54.0,14.0
1010,94940,0.0,0.0
1011,94941,200.0,41.0
1012,94945,130.0,22.0
1013,94947,206.0,38.0
1014,94949,137.0,27.0
1015,94951,30.0,
1016,94952,277.0,73.0
1017,94954,308.0,71.0
1018,94956,12.0,
1019,94960,98.0,15.0
1020,94964,15.0,0.0
1021,94965,86.0,17.0
1022,95003,175.0,32.0
1023,95004,36.0,
1024,95005,46.0,
1025,95006,67.0,13.0
1026,95008,327.0,60.0
1027,95010,83.0,19.0
1028,95012,51.0,
1029,95014,341.0,87.0
1030,95018,45.0,
1031,95019,38.0,
1032,95020,379.0,71.0
1033,95023,320.0,53.0
1034,95030,95.0,19.0
1035,95032,187.0,47.0
1036,95033,45.0,0.0
1037,95035,298.0,51.0
1038,95037,263.0,54.0
1039,95039,15.0,
1040,95045,37.0,
1041,95046,33.0,
1042,95050,199.0,40.0
1043,95051,309.0,57.0
1044,95053,0.0,0.0
1045,95054,96.0,28.0
1046,95060,307.0,67.0
1047,95062,303.0,50.0
1048,95064,0.0,0.0
1049,95065,72.0,19.0
1050,95066,106.0,19.0
1051,95070,250.0,48.0
1052,95073,61.0,11.0
1053,95076,500.0,99.0
1054,95110,74.0,12.0
1055,95111,309.0,50.0
1056,95112,287.0,47.0
1057,95113,16.0,0.0
1058,95116,263.0,52.0
1059,95117,153.0,30.0
1060,95118,214.0,42.0
1061,95119,51.0,18.0
1062,95120,202.0,41.0
1063,95121,218.0,42.0
1064,95122,239.0,35.0
1065,95123,360.0,61.0
1066,95124,317.0,60.0
1067,95125,415.0,86.0
1068,95126,185.0,38.0
1069,95127,363.0,56.0
1070,95128,269.0,46.0
1071,95129,234.0,48.0
1072,95130,60.0,11.0
1073,95131,114.0,19.0
1074,95132,206.0,39.0
1075,95133,158.0,32.0
1076,95134,43.0,0.0
1077,95135,188.0,36.0
1078,95136,206.0,42.0
1079,95138,64.0,16.0
1080,95139,42.0,
1081,95148,233.0,46.0
1082,95202,100.0,22.0
1083,95203,145.0,27.0
1084,95204,344.0,64.0
1085,95205,268.0,50.0
1086,95206,416.0,95.0
1087,95207,478.0,106.0
1088,95209,399.0,82.0
1089,95210,324.0,64.0
1090,95211,0.0,0.0
1091,95212,203.0,31.0
1092,95215,268.0,60.0
1093,95219,186.0,46.0
1094,95220,70.0,13.0
1095,95222,57.0,
1096,95223,41.0,12.0
1097,95225,11.0,
1098,95228,37.0,11.0
1099,95231,28.0,
1100,95234,0.0,0.0
1101,95236,41.0,
1102,95237,38.0,
1103,95240,410.0,86.0
1104,95242,260.0,63.0
1105,95245,16.0,
1106,95246,20.0,
1107,95247,57.0,18.0
1108,95249,65.0,17.0
1109,95252,132.0,22.0
1110,95255,32.0,
1111,95258,35.0,
1112,95301,276.0,57.0
1113,95304,98.0,19.0
1114,95307,262.0,58.0
1115,95310,32.0,
1116,95311,39.0,
1117,95313,14.0,
1118,95315,63.0,14.0
1119,95316,65.0,26.0
1120,95319,16.0,
1121,95320,114.0,25.0
1122,95321,40.0,
1123,95322,63.0,17.0
1124,95323,14.0,
1125,95324,56.0,15.0
1126,95326,87.0,23.0
1127,95327,97.0,25.0
1128,95328,20.0,
1129,95329,27.0,
1130,95330,117.0,22.0
1131,95333,20.0,
1132,95334,77.0,18.0
1133,95336,418.0,84.0
1134,95337,242.0,58.0
1135,95338,118.0,32.0
1136,95340,369.0,75.0
1137,95341,162.0,33.0
1138,95348,193.0,38.0
1139,95350,638.0,163.0
1140,95351,359.0,70.0
1141,95354,262.0,54.0
1142,95355,570.0,112.0
1143,95356,278.0,78.0
1144,95357,78.0,21.0
1145,95358,186.0,36.0
1146,95360,76.0,17.0
1147,95361,309.0,70.0
1148,95363,135.0,28.0
1149,95364,0.0,0.0
1150,95365,15.0,
1151,95366,147.0,29.0
1152,95367,181.0,43.0
1153,95368,84.0,12.0
1154,95370,392.0,75.0
1155,95372,21.0,
1156,95374,15.0,
1157,95375,0.0,0.0
1158,95376,314.0,65.0
1159,95377,137.0,20.0
1160,95379,30.0,
1161,95380,338.0,78.0
1162,95382,342.0,80.0
1163,95383,38.0,
1164,95386,78.0,20.0
1165,95388,86.0,20.0
1166,95391,41.0,
1167,95401,279.0,49.0
1168,95403,400.0,73.0
1169,95404,298.0,64.0
1170,95405,221.0,35.0
1171,95407,231.0,43.0
1172,95409,382.0,93.0
1173,95421,14.0,
1174,95422,217.0,46.0
1175,95423,84.0,19.0
1176,95425,109.0,22.0
1177,95426,13.0,
1178,95428,26.0,
1179,95430,0.0,0.0
1180,95431,0.0,0.0
1181,95436,58.0,16.0
1182,95437,173.0,32.0
1183,95441,17.0,
1184,95442,20.0,
1185,95445,22.0,
1186,95446,30.0,
1187,95448,143.0,26.0
1188,95449,14.0,
1189,95451,150.0,29.0
1190,95452,13.0,
1191,95453,154.0,30.0
1192,95454,32.0,
1193,95456,15.0,
1194,95457,43.0,
1195,95458,64.0,11.0
1196,95460,26.0,
1197,95461,26.0,
1198,95462,18.0,
1199,95464,45.0,12.0
1200,95465,13.0,
1201,95467,44.0,
1202,95468,17.0,
1203,95469,17.0,
1204,95470,48.0,
1205,95472,261.0,48.0
1206,95476,354.0,80.0
1207,95482,287.0,76.0
1208,95485,27.0,
1209,95490,156.0,33.0
1210,95492,218.0,50.0
1211,95497,11.0,0.0
1212,95501,285.0,50.0
1213,95503,278.0,50.0
1214,95519,170.0,36.0
1215,95521,117.0,22.0
1216,95524,11.0,
1217,95525,15.0,
1218,95526,12.0,
1219,95531,278.0,50.0
1220,95536,27.0,
1221,95540,191.0,40.0
1222,95542,30.0,
1223,95546,32.0,
1224,95548,18.0,
1225,95551,15.0,
1226,95560,19.0,
1227,95562,37.0,13.0
1228,95567,22.0,
1229,95568,0.0,0.0
1230,95570,20.0,
1231,95573,27.0,
1232,95587,0.0,0.0
1233,95589,11.0,
1234,95602,203.0,42.0
1235,95603,333.0,69.0
1236,95605,115.0,25.0
1237,95608,796.0,177.0
1238,95610,448.0,88.0
1239,95614,34.0,
1240,95616,233.0,59.0
1241,95618,137.0,36.0
1242,95619,47.0,
1243,95620,144.0,22.0
1244,95621,442.0,98.0
1245,95623,48.0,12.0
1246,95624,440.0,81.0
1247,95626,73.0,21.0
1248,95627,17.0,
1249,95628,442.0,90.0
1250,95630,456.0,122.0
1251,95631,64.0,14.0
1252,95632,227.0,35.0
1253,95633,31.0,
1254,95634,34.0,
1255,95635,11.0,
1256,95636,11.0,
1257,95638,13.0,
1258,95640,93.0,22.0
1259,95641,31.0,
1260,95642,116.0,27.0
1261,95645,11.0,0.0
1262,95648,532.0,108.0
1263,95650,107.0,27.0
1264,95655,20.0,
1265,95658,67.0,18.0
1266,95660,253.0,54.0
1267,95661,379.0,88.0
1268,95662,335.0,73.0
1269,95663,33.0,
1270,95664,12.0,
1271,95665,67.0,23.0
1272,95666,75.0,22.0
1273,95667,452.0,115.0
1274,95669,37.0,11.0
1275,95670,493.0,92.0
1276,95672,37.0,
1277,95673,125.0,21.0
1278,95674,14.0,
1279,95677,199.0,44.0
1280,95678,309.0,53.0
1281,95682,268.0,71.0
1282,95683,50.0,
1283,95684,25.0,
1284,95685,58.0,18.0
1285,95687,583.0,84.0
1286,95688,254.0,41.0
1287,95689,17.0,
1288,95690,15.0,
1289,95691,236.0,52.0
1290,95692,51.0,13.0
1291,95693,69.0,16.0
1292,95694,59.0,11.0
1293,95695,401.0,72.0
1294,95701,12.0,
1295,95703,18.0,
1296,95709,49.0,
1297,95713,75.0,
1298,95721,0.0,0.0
1299,95722,47.0,13.0
1300,95724,0.0,0.0
1301,95726,83.0,19.0
1302,95742,54.0,13.0
1303,95746,157.0,25.0
1304,95747,482.0,95.0
1305,95757,232.0,43.0
1306,95758,340.0,67.0
1307,95762,244.0,54.0
1308,95765,196.0,52.0
1309,95776,103.0,16.0
1310,95811,49.0,14.0
1311,95814,110.0,29.0
1312,95815,228.0,62.0
1313,95816,133.0,32.0
1314,95817,110.0,27.0
1315,95818,155.0,29.0
1316,95819,115.0,20.0
1317,95820,277.0,43.0
1318,95821,364.0,78.0
1319,95822,425.0,106.0
1320,95823,582.0,121.0
1321,95824,237.0,35.0
1322,95825,377.0,88.0
1323,95826,311.0,58.0
1324,95827,180.0,48.0
1325,95828,503.0,108.0
1326,95829,130.0,24.0
1327,95831,392.0,82.0
1328,95832,84.0,15.0
1329,95833,193.0,38.0
1330,95834,130.0,25.0
1331,95835,194.0,38.0
1332,95838,284.0,51.0
1333,95841,183.0,47.0
1334,95842,250.0,44.0
1335,95843,240.0,49.0
1336,95864,229.0,47.0
1337,95901,301.0,67.0
1338,95912,27.0,
1339,95914,12.0,0.0
1340,95915,0.0,0.0
1341,95916,32.0,
1342,95917,38.0,12.0
1343,95918,18.0,
1344,95919,11.0,
1345,95920,0.0,0.0
1346,95926,285.0,61.0
1347,95928,328.0,66.0
1348,95932,63.0,14.0
1349,95935,15.0,
1350,95938,26.0,
1351,95942,18.0,
1352,95944,0.0,0.0
1353,95945,379.0,91.0
1354,95946,95.0,17.0
1355,95947,16.0,
1356,95948,119.0,26.0
1357,95949,220.0,57.0
1358,95951,13.0,
1359,95953,81.0,12.0
1360,95954,130.0,32.0
1361,95955,13.0,
1362,95956,0.0,0.0
1363,95959,175.0,41.0
1364,95961,178.0,40.0
1365,95962,11.0,
1366,95963,141.0,34.0
1367,95965,240.0,47.0
1368,95966,445.0,96.0
1369,95968,13.0,
1370,95969,122.0,29.0
1371,95971,70.0,18.0
1372,95973,316.0,78.0
1373,95975,18.0,
1374,95977,19.0,
1375,95982,29.0,
1376,95987,43.0,
1377,95988,87.0,17.0
1378,95991,386.0,83.0
1379,95993,317.0,74.0
1380,96001,413.0,95.0
1381,96002,471.0,89.0
1382,96003,511.0,114.0
1383,96006,11.0,
1384,96007,304.0,78.0
1385,96008,15.0,
1386,96013,69.0,17.0
1387,96019,106.0,23.0
1388,96020,19.0,
1389,96021,134.0,38.0
1390,96022,171.0,48.0
1391,96023,11.0,
1392,96024,12.0,
1393,96025,37.0,
1394,96027,34.0,
1395,96028,23.0,
1396,96031,0.0,0.0
1397,96032,30.0,
1398,96035,33.0,
1399,96039,14.0,
1400,96041,34.0,
1401,96044,15.0,
1402,96051,16.0,0.0
1403,96052,32.0,
1404,96055,49.0,13.0
1405,96056,23.0,
1406,96057,22.0,
1407,96058,12.0,
1408,96061,0.0,0.0
1409,96063,0.0,0.0
1410,96064,67.0,16.0
1411,96067,85.0,23.0
1412,96069,14.0,
1413,96073,49.0,12.0
1414,96080,370.0,76.0
1415,96084,14.0,
1416,96085,0.0,0.0
1417,96087,0.0,0.0
1418,96088,68.0,14.0
1419,96093,59.0,11.0
1420,96094,82.0,24.0
1421,96097,149.0,28.0
1422,96101,68.0,14.0
1423,96103,25.0,11.0
1424,96104,11.0,
1425,96109,19.0,
1426,96114,28.0,
1427,96118,20.0,
1428,96122,40.0,
1429,96123,0.0,0.0
1430,96129,0.0,0.0
1431,96130,136.0,27.0
1432,96134,22.0,
1433,96137,37.0,
1434,96143,13.0,
1435,96145,11.0,
1436,96150,167.0,31.0
1437,96161,67.0,16.0
1438,90743,,0.0
1439,90822,,0.0
1440,91759,,0.0
1441,91948,,0.0
1442,91980,,0.0
1443,92060,,0.0
1444,92066,,0.0
1445,92132,,0.0
1446,92134,,0.0
1447,92135,,0.0
1448,92140,,0.0
1449,92145,,0.0
1450,92155,,0.0
1451,92267,,0.0
1452,92278,,0.0
1453,92304,,0.0
1454,92309,,0.0
1455,92310,,0.0
1456,92321,,0.0
1457,92328,,0.0
1458,92332,,0.0
1459,92341,,0.0
1460,92678,,0.0
1461,93207,,0.0
1462,93220,,0.0
1463,93251,,0.0
1464,93255,,0.0
1465,93450,,0.0
1466,93512,,0.0
1467,93519,,0.0
1468,93524,,0.0
1469,93528,,0.0
1470,93541,,0.0
1471,93554,,0.0
1472,93563,,0.0
1473,93603,,0.0
1474,93605,,0.0
1475,93608,,0.0
1476,93623,,0.0
1477,93624,,0.0
1478,93628,,0.0
1479,93641,,0.0
1480,93665,,0.0
1481,93666,,0.0
1482,93920,,0.0
1483,93954,,0.0
1484,93962,,0.0
1485,94020,,0.0
1486,94021,,0.0
1487,94516,,0.0
1488,94528,,0.0
1489,94535,,0.0
1490,94548,,0.0
1491,94569,,0.0
1492,94575,,0.0
1493,94929,,0.0
1494,94938,,0.0
1495,94946,,0.0
1496,94950,,0.0
1497,94972,,0.0
1498,95002,,0.0
1499,95017,,0.0
1500,95140,,0.0
1501,95226,,0.0
1502,95230,,0.0
1503,95306,,0.0
1504,95312,,0.0
1505,95318,,0.0
1506,95410,,0.0
1507,95417,,0.0
1508,95427,,0.0
1509,95429,,0.0
1510,95435,,0.0
1511,95486,,0.0
1512,95511,,0.0
1513,95550,,0.0
1514,95558,,0.0
1515,95569,,0.0
1516,95571,,0.0
1517,95585,,0.0
1518,95601,,0.0
1519,95606,,0.0
1520,95615,,0.0
1521,95637,,0.0
1522,95646,,0.0
1523,95651,,0.0
1524,95652,,0.0
1525,95653,,0.0
1526,95659,,0.0
1527,95680,,0.0
1528,95697,,0.0
1529,95699,,0.0
1530,95715,,0.0
1531,95720,,0.0
1532,95735,,0.0
1533,95736,,0.0
1534,95903,,0.0
1535,95910,,0.0
1536,95923,,0.0
1537,95936,,0.0
1538,95937,,0.0
1539,95950,,0.0
1540,95974,,0.0
1541,95978,,0.0
1542,95979,,0.0
1543,95981,,0.0
1544,95983,,0.0
1545,95984,,0.0
1546,96009,,0.0
1547,96011,,0.0
1548,96014,,0.0
1549,96016,,0.0
1550,96017,,0.0
1551,96034,,0.0
1552,96050,,0.0
1553,96062,,0.0
1554,96074,,0.0
1555,96076,,0.0
1556,96086,,0.0
1557,96092,,0.0
1558,96105,,0.0
1559,96110,,0.0
1560,96112,,0.0
1561,96115,,0.0
1562,96116,,0.0
1563,96119,,0.0
1564,96124,,0.0
1565,96125,,0.0
1566,96126,,0.0
1567,96132,,0.0
1568,96133,,0.0
1569,96135,,0.0
1570,96141,,0.0
1571,96142,,0.0
