id,Geographic Area Name,Total_Population_18plus,Less than high school graduate,High school graduate,Some college or associate's degree,Bachelor's degree or higher,zcta
8600000US90001,ZCTA5 90001,40854,19516,10445,8796,2097,90001
8600000US90002,ZCTA5 90002,36045,16371,9756,8001,1917,90002
8600000US90003,ZCTA5 90003,50055,21705,14955,10677,2718,90003
8600000US90004,ZCTA5 90004,48931,11842,10953,9959,16177,90004
8600000US90005,ZCTA5 90005,32524,9105,7568,6208,9643,90005
8600000US90006,ZCTA5 90006,46347,18172,11085,8851,8239,90006
8600000US90007,ZCTA5 90007,36428,7408,5746,14058,9216,90007
8600000US90008,ZCTA5 90008,26752,4020,5082,10223,7427,90008
8600000US90010,ZCTA5 90010,3429,276,554,955,1644,90010
8600000US90011,ZCTA5 90011,76066,39243,17744,15181,3898,90011
8600000US90012,ZCTA5 90012,33437,9242,6360,7309,10526,90012
8600000US90013,ZCTA5 90013,12154,1828,2384,3335,4607,90013
8600000US90014,ZCTA5 90014,8561,1143,1488,2297,3633,90014
8600000US90015,ZCTA5 90015,18648,4820,2884,4291,6653,90015
8600000US90016,ZCTA5 90016,36892,8828,7931,11505,8628,90016
8600000US90017,ZCTA5 90017,21792,7362,3399,4500,6531,90017
8600000US90018,ZCTA5 90018,41187,11155,10283,11822,7927,90018
8600000US90019,ZCTA5 90019,52987,11911,10137,13382,17557,90019
8600000US90020,ZCTA5 90020,32031,5368,7246,6623,12794,90020
8600000US90021,ZCTA5 90021,2612,835,440,598,739,90021
8600000US90022,ZCTA5 90022,48808,20209,12562,11981,4056,90022
8600000US90023,ZCTA5 90023,33345,15556,8644,6964,2181,90023
8600000US90024,ZCTA5 90024,47451,917,4731,22816,18987,90024
8600000US90025,ZCTA5 90025,41378,2794,3468,7280,27836,90025
8600000US90026,ZCTA5 90026,57531,12581,9608,13842,21500,90026
8600000US90027,ZCTA5 90027,39488,3809,5895,8762,21022,90027
8600000US90028,ZCTA5 90028,27759,2871,4522,7886,12480,90028
8600000US90029,ZCTA5 90029,31206,7785,7098,7501,8822,90029
8600000US90031,ZCTA5 90031,31306,11359,6652,6920,6375,90031
8600000US90032,ZCTA5 90032,37525,11184,8566,10992,6783,90032
8600000US90033,ZCTA5 90033,34861,15653,8523,6720,3965,90033
8600000US90034,ZCTA5 90034,46559,4072,5232,11465,25790,90034
8600000US90035,ZCTA5 90035,21341,1051,2428,4753,13109,90035
8600000US90036,ZCTA5 90036,31843,829,2953,6975,21086,90036
8600000US90037,ZCTA5 90037,48804,21099,13570,10902,3233,90037
8600000US90038,ZCTA5 90038,24086,5806,4820,5726,7734,90038
8600000US90039,ZCTA5 90039,24775,3299,3407,6167,11902,90039
8600000US90040,ZCTA5 90040,9392,3727,2279,2549,837,90040
8600000US90041,ZCTA5 90041,23978,2366,3785,7877,9950,90041
8600000US90042,ZCTA5 90042,51096,11325,10661,13646,15464,90042
8600000US90043,ZCTA5 90043,36953,6395,8252,13337,8969,90043
8600000US90044,ZCTA5 90044,70030,24118,20957,19813,5142,90044
8600000US90045,ZCTA5 90045,34192,945,3433,12223,17591,90045
8600000US90046,ZCTA5 90046,46975,1483,5403,11584,28505,90046
8600000US90047,ZCTA5 90047,40246,8125,11029,15327,5765,90047
8600000US90048,ZCTA5 90048,19494,775,1551,4011,13157,90048
8600000US90049,ZCTA5 90049,29809,821,1695,4866,22427,90049
8600000US90056,ZCTA5 90056,6255,273,753,2036,3193,90056
8600000US90057,ZCTA5 90057,38920,16116,7734,7747,7323,90057
8600000US90058,ZCTA5 90058,1601,811,443,273,74,90058
8600000US90059,ZCTA5 90059,30333,11251,8646,8416,2020,90059
8600000US90061,ZCTA5 90061,20205,7983,5147,5675,1400,90061
8600000US90062,ZCTA5 90062,27601,9234,7195,7841,3331,90062
8600000US90063,ZCTA5 90063,39453,16829,9267,9638,3719,90063
8600000US90064,ZCTA5 90064,20882,1181,1876,4193,13632,90064
8600000US90065,ZCTA5 90065,37227,8224,7214,9333,12456,90065
8600000US90066,ZCTA5 90066,49572,5754,5878,11915,26025,90066
8600000US90067,ZCTA5 90067,2237,25,150,517,1545,90067
8600000US90068,ZCTA5 90068,18799,688,1566,4514,12031,90068
8600000US90069,ZCTA5 90069,19142,245,2178,4141,12578,90069
8600000US90071,ZCTA5 90071,126,5,9,61,51,90071
8600000US90073,ZCTA5 90073,953,224,287,349,93,90073
8600000US90077,ZCTA5 90077,6533,257,564,829,4883,90077
8600000US90079,ZCTA5 90079,0,0,0,0,0,90079
8600000US90089,ZCTA5 90089,3678,6,511,3088,73,90089
8600000US90090,ZCTA5 90090,0,0,0,0,0,90090
8600000US90094,ZCTA5 90094,7662,56,91,1547,5968,90094
8600000US90095,ZCTA5 90095,0,0,0,0,0,90095
8600000US90201,ZCTA5 90201,71934,31126,20125,16346,4337,90201
8600000US90210,ZCTA5 90210,15404,748,1953,2860,9843,90210
8600000US90211,ZCTA5 90211,6530,284,769,1471,4006,90211
8600000US90212,ZCTA5 90212,10598,169,1075,2832,6522,90212
8600000US90220,ZCTA5 90220,37449,12061,10785,11065,3538,90220
8600000US90221,ZCTA5 90221,36920,14306,11131,9403,2080,90221
8600000US90222,ZCTA5 90222,22815,8040,7360,5585,1830,90222
8600000US90230,ZCTA5 90230,25969,3186,3711,6429,12643,90230
8600000US90232,ZCTA5 90232,12423,699,1347,3375,7002,90232
8600000US90240,ZCTA5 90240,19768,3878,4833,6181,4876,90240
8600000US90241,ZCTA5 90241,33390,5873,8488,11647,7382,90241
8600000US90242,ZCTA5 90242,32555,6627,8694,11141,6093,90242
8600000US90245,ZCTA5 90245,12687,469,1716,3439,7063,90245
8600000US90247,ZCTA5 90247,37897,7881,9876,12201,7939,90247
8600000US90248,ZCTA5 90248,9459,1592,2720,2735,2412,90248
8600000US90249,ZCTA5 90249,21114,4532,4795,7013,4774,90249
8600000US90250,ZCTA5 90250,72309,15045,17966,24292,15006,90250
8600000US90254,ZCTA5 90254,16049,450,996,2606,11997,90254
8600000US90255,ZCTA5 90255,54890,25589,13692,12019,3590,90255
8600000US90260,ZCTA5 90260,26698,6396,6080,8570,5652,90260
8600000US90262,ZCTA5 90262,50584,19654,15418,11927,3585,90262
8600000US90263,ZCTA5 90263,1816,0,242,1539,35,90263
8600000US90265,ZCTA5 90265,14996,489,1351,3930,9226,90265
8600000US90266,ZCTA5 90266,26014,750,1729,4562,18973,90266
8600000US90270,ZCTA5 90270,19599,8806,5951,3784,1058,90270
8600000US90272,ZCTA5 90272,16487,426,827,2820,12414,90272
8600000US90274,ZCTA5 90274,19641,373,1699,3975,13594,90274
8600000US90275,ZCTA5 90275,33283,1067,3172,7585,21459,90275
8600000US90277,ZCTA5 90277,28243,979,2699,7377,17188,90277
8600000US90278,ZCTA5 90278,30723,1168,3764,8343,17448,90278
8600000US90280,ZCTA5 90280,69065,26711,18434,17864,6056,90280
8600000US90290,ZCTA5 90290,4672,155,419,1071,3027,90290
8600000US90291,ZCTA5 90291,23398,1320,2430,4519,15129,90291
8600000US90292,ZCTA5 90292,21124,530,1646,4569,14379,90292
8600000US90293,ZCTA5 90293,11386,283,780,2302,8021,90293
8600000US90301,ZCTA5 90301,29090,8017,6703,10617,3753,90301
8600000US90302,ZCTA5 90302,22537,4200,4320,7998,6019,90302
8600000US90303,ZCTA5 90303,18041,5143,5031,5514,2353,90303
8600000US90304,ZCTA5 90304,18486,7993,4636,4173,1684,90304
8600000US90305,ZCTA5 90305,12652,961,2772,4907,4012,90305
8600000US90401,ZCTA5 90401,6714,254,450,1415,4595,90401
8600000US90402,ZCTA5 90402,9101,174,665,1528,6734,90402
8600000US90403,ZCTA5 90403,20663,319,1647,3531,15166,90403
8600000US90404,ZCTA5 90404,19180,1938,2628,4824,9790,90404
8600000US90405,ZCTA5 90405,23906,1273,1823,4990,15820,90405
8600000US90501,ZCTA5 90501,32026,4801,6856,10003,10366,90501
8600000US90502,ZCTA5 90502,14955,2445,3215,4291,5004,90502
8600000US90503,ZCTA5 90503,35675,1728,6331,9292,18324,90503
8600000US90504,ZCTA5 90504,26897,2212,5138,9203,10344,90504
8600000US90505,ZCTA5 90505,28656,1349,3656,8284,15367,90505
8600000US90506,ZCTA5 90506,0,0,0,0,0,90506
8600000US90601,ZCTA5 90601,25419,2959,6353,9539,6568,90601
8600000US90602,ZCTA5 90602,19449,3058,6280,6841,3270,90602
8600000US90603,ZCTA5 90603,16705,1137,4086,6322,5160,90603
8600000US90604,ZCTA5 90604,32618,4200,10684,12179,5555,90604
8600000US90605,ZCTA5 90605,30138,5466,9516,9967,5189,90605
8600000US90606,ZCTA5 90606,25662,5980,8396,7687,3599,90606
8600000US90620,ZCTA5 90620,36791,4195,8418,13728,10450,90620
8600000US90621,ZCTA5 90621,27157,5375,6361,8118,7303,90621
8600000US90623,ZCTA5 90623,12835,880,2235,4026,5694,90623
8600000US90630,ZCTA5 90630,37997,2961,7048,12820,15168,90630
8600000US90631,ZCTA5 90631,53153,8040,12333,17784,14996,90631
8600000US90638,ZCTA5 90638,39983,3676,9433,15490,11384,90638
8600000US90640,ZCTA5 90640,48660,12054,13318,14403,8885,90640
8600000US90650,ZCTA5 90650,79745,17310,23041,25854,13540,90650
8600000US90660,ZCTA5 90660,48690,12793,15585,14339,5973,90660
8600000US90670,ZCTA5 90670,13016,2059,4406,4192,2359,90670
8600000US90680,ZCTA5 90680,22847,5483,5998,7050,4316,90680
8600000US90701,ZCTA5 90701,13397,2579,3370,3844,3604,90701
8600000US90703,ZCTA5 90703,41162,2681,5946,12056,20479,90703
8600000US90704,ZCTA5 90704,2977,398,746,1170,663,90704
8600000US90706,ZCTA5 90706,57510,12298,14807,20701,9704,90706
8600000US90710,ZCTA5 90710,21474,4602,4987,6540,5345,90710
8600000US90712,ZCTA5 90712,24387,1703,4951,10205,7528,90712
8600000US90713,ZCTA5 90713,22147,1543,4941,9418,6245,90713
8600000US90715,ZCTA5 90715,15729,2118,3891,5670,4050,90715
8600000US90716,ZCTA5 90716,10402,3745,2973,2659,1025,90716
8600000US90717,ZCTA5 90717,16968,2287,3919,4995,5767,90717
8600000US90720,ZCTA5 90720,17114,1015,2920,4503,8676,90720
8600000US90723,ZCTA5 90723,38955,11800,11290,11786,4079,90723
8600000US90731,ZCTA5 90731,46598,8994,11839,16085,9680,90731
8600000US90732,ZCTA5 90732,18496,1458,3778,6085,7175,90732
8600000US90740,ZCTA5 90740,21126,1151,2688,7260,10027,90740
8600000US90742,ZCTA5 90742,636,23,78,244,291,90742
8600000US90743,ZCTA5 90743,190,0,16,70,104,90743
8600000US90744,ZCTA5 90744,40435,15792,10959,10636,3048,90744
8600000US90745,ZCTA5 90745,44812,8775,10189,14518,11330,90745
8600000US90746,ZCTA5 90746,22344,2831,4115,8316,7082,90746
8600000US90747,ZCTA5 90747,0,0,0,0,0,90747
8600000US90755,ZCTA5 90755,9390,1258,1377,2549,4206,90755
8600000US90802,ZCTA5 90802,33427,3972,4964,11366,13125,90802
8600000US90803,ZCTA5 90803,28553,1529,2449,9523,15052,90803
8600000US90804,ZCTA5 90804,30960,6375,5825,10840,7920,90804
8600000US90805,ZCTA5 90805,68373,17286,18556,24057,8474,90805
8600000US90806,ZCTA5 90806,31323,9463,6645,10324,4891,90806
8600000US90807,ZCTA5 90807,26196,2390,4228,9406,10172,90807
8600000US90808,ZCTA5 90808,30938,1919,5602,10751,12666,90808
8600000US90810,ZCTA5 90810,28339,7321,7586,9109,4323,90810
8600000US90813,ZCTA5 90813,41392,15621,8758,12090,4923,90813
8600000US90814,ZCTA5 90814,16583,1355,2095,5040,8093,90814
8600000US90815,ZCTA5 90815,33751,1816,4414,13034,14487,90815
8600000US90822,ZCTA5 90822,133,41,32,21,39,90822
8600000US90831,ZCTA5 90831,0,0,0,0,0,90831
8600000US91001,ZCTA5 91001,30361,3132,4910,9802,12517,91001
8600000US91006,ZCTA5 91006,25632,1854,3964,7170,12644,91006
8600000US91007,ZCTA5 91007,26981,2609,4461,6286,13625,91007
8600000US91008,ZCTA5 91008,939,90,112,255,482,91008
8600000US91010,ZCTA5 91010,21460,3746,4895,7438,5381,91010
8600000US91011,ZCTA5 91011,15019,423,1031,2810,10755,91011
8600000US91016,ZCTA5 91016,32706,3465,7134,10841,11266,91016
8600000US91020,ZCTA5 91020,6970,840,1241,2314,2575,91020
8600000US91024,ZCTA5 91024,8940,200,1276,2236,5228,91024
8600000US91030,ZCTA5 91030,19338,729,1768,4420,12421,91030
8600000US91040,ZCTA5 91040,16891,1929,3765,5660,5537,91040
8600000US91042,ZCTA5 91042,22398,3018,5588,8156,5636,91042
8600000US91046,ZCTA5 91046,158,29,82,0,47,91046
8600000US91101,ZCTA5 91101,18682,1468,1799,4558,10857,91101
8600000US91103,ZCTA5 91103,21571,4454,4618,5595,6904,91103
8600000US91104,ZCTA5 91104,29859,5003,5499,6893,12464,91104
8600000US91105,ZCTA5 91105,10528,485,769,2284,6990,91105
8600000US91106,ZCTA5 91106,21329,1310,2911,5230,11878,91106
8600000US91107,ZCTA5 91107,26650,2042,3704,6933,13971,91107
8600000US91108,ZCTA5 91108,10365,249,692,1609,7815,91108
8600000US91201,ZCTA5 91201,19379,3499,4705,5278,5897,91201
8600000US91202,ZCTA5 91202,19772,2009,3868,5315,8580,91202
8600000US91203,ZCTA5 91203,12713,1613,3091,3448,4561,91203
8600000US91204,ZCTA5 91204,15347,2980,3926,4311,4130,91204
8600000US91205,ZCTA5 91205,31633,5111,7274,9024,10224,91205
8600000US91206,ZCTA5 91206,28408,2812,5597,8593,11406,91206
8600000US91207,ZCTA5 91207,8955,379,1750,2714,4112,91207
8600000US91208,ZCTA5 91208,12569,476,1741,3492,6860,91208
8600000US91210,ZCTA5 91210,393,0,26,94,273,91210
8600000US91214,ZCTA5 91214,23720,1642,3512,6685,11881,91214
8600000US91301,ZCTA5 91301,20577,703,2787,5743,11344,91301
8600000US91302,ZCTA5 91302,20427,520,2695,5461,11751,91302
8600000US91303,ZCTA5 91303,24307,6225,5800,7046,5236,91303
8600000US91304,ZCTA5 91304,42633,6922,9966,13863,11882,91304
8600000US91306,ZCTA5 91306,38903,8037,9539,11968,9359,91306
8600000US91307,ZCTA5 91307,20646,1467,3765,5821,9593,91307
8600000US91311,ZCTA5 91311,33521,2513,7176,11277,12555,91311
8600000US91316,ZCTA5 91316,24232,1766,3991,7048,11427,91316
8600000US91320,ZCTA5 91320,33845,1802,4734,11006,16303,91320
8600000US91321,ZCTA5 91321,25631,4591,6031,9090,5919,91321
8600000US91324,ZCTA5 91324,24538,2903,4130,8352,9153,91324
8600000US91325,ZCTA5 91325,28155,3128,5629,9853,9545,91325
8600000US91326,ZCTA5 91326,29109,2216,4171,7397,15325,91326
8600000US91330,ZCTA5 91330,3171,0,410,2615,146,91330
8600000US91331,ZCTA5 91331,79296,31004,21753,18634,7905,91331
8600000US91335,ZCTA5 91335,63522,13627,15221,19952,14722,91335
8600000US91340,ZCTA5 91340,26626,9555,8041,6344,2686,91340
8600000US91342,ZCTA5 91342,70786,18973,20399,19396,12018,91342
8600000US91343,ZCTA5 91343,49284,11427,11866,14191,11800,91343
8600000US91344,ZCTA5 91344,42968,4456,9374,13944,15194,91344
8600000US91345,ZCTA5 91345,15150,2849,4491,5198,2612,91345
8600000US91350,ZCTA5 91350,26665,1869,4962,10626,9208,91350
8600000US91351,ZCTA5 91351,24733,3369,6293,9362,5709,91351
8600000US91352,ZCTA5 91352,36330,11500,9843,9304,5683,91352
8600000US91354,ZCTA5 91354,23050,937,3221,7494,11398,91354
8600000US91355,ZCTA5 91355,23957,1074,3538,9142,10203,91355
8600000US91356,ZCTA5 91356,24292,1709,3743,7352,11488,91356
8600000US91360,ZCTA5 91360,34629,2774,5446,12772,13637,91360
8600000US91361,ZCTA5 91361,16604,500,1566,4256,10282,91361
8600000US91362,ZCTA5 91362,29029,2092,3901,8320,14716,91362
8600000US91364,ZCTA5 91364,22266,1093,3479,6242,11452,91364
8600000US91367,ZCTA5 91367,37739,2130,5098,11146,19365,91367
8600000US91371,ZCTA5 91371,0,0,0,0,0,91371
8600000US91377,ZCTA5 91377,10388,221,962,2833,6372,91377
8600000US91381,ZCTA5 91381,14274,558,1892,4466,7358,91381
8600000US91384,ZCTA5 91384,22867,4298,4911,8309,5349,91384
8600000US91387,ZCTA5 91387,30425,3062,6295,11933,9135,91387
8600000US91390,ZCTA5 91390,14624,1224,2879,5609,4912,91390
8600000US91401,ZCTA5 91401,31577,5702,6491,8950,10434,91401
8600000US91402,ZCTA5 91402,53771,17207,14901,13163,8500,91402
8600000US91403,ZCTA5 91403,21335,540,2208,5384,13203,91403
8600000US91405,ZCTA5 91405,42330,10393,10430,12774,8733,91405
8600000US91406,ZCTA5 91406,41995,9003,9661,13106,10225,91406
8600000US91411,ZCTA5 91411,19900,4378,3776,5264,6482,91411
8600000US91423,ZCTA5 91423,27609,1107,2840,7687,15975,91423
8600000US91436,ZCTA5 91436,11972,461,1137,2671,7703,91436
8600000US91501,ZCTA5 91501,17143,1296,3491,5345,7011,91501
8600000US91502,ZCTA5 91502,9240,1165,1939,3139,2997,91502
8600000US91504,ZCTA5 91504,21156,1557,3940,7072,8587,91504
8600000US91505,ZCTA5 91505,25262,1800,3940,8533,10989,91505
8600000US91506,ZCTA5 91506,15249,1200,2819,5704,5526,91506
8600000US91601,ZCTA5 91601,32231,3771,5349,10366,12745,91601
8600000US91602,ZCTA5 91602,17128,950,1842,4998,9338,91602
8600000US91604,ZCTA5 91604,27215,754,2399,6461,17601,91604
8600000US91605,ZCTA5 91605,41756,11105,9856,13528,7267,91605
8600000US91606,ZCTA5 91606,35006,8165,8067,11090,7684,91606
8600000US91607,ZCTA5 91607,25737,2114,3563,8029,12031,91607
8600000US91608,ZCTA5 91608,21,0,0,11,10,91608
8600000US91701,ZCTA5 91701,31155,2201,6356,12620,9978,91701
8600000US91702,ZCTA5 91702,48674,8625,13324,18458,8267,91702
8600000US91706,ZCTA5 91706,58706,17985,17995,15564,7162,91706
8600000US91708,ZCTA5 91708,3243,747,504,1147,845,91708
8600000US91709,ZCTA5 91709,62350,3945,10968,20317,27120,91709
8600000US91710,ZCTA5 91710,73156,14853,17895,25163,15245,91710
8600000US91711,ZCTA5 91711,29933,1629,4085,10233,13986,91711
8600000US91722,ZCTA5 91722,26713,4510,7747,9316,5140,91722
8600000US91723,ZCTA5 91723,14093,2069,3802,5422,2800,91723
8600000US91724,ZCTA5 91724,20898,2440,4952,7530,5976,91724
8600000US91730,ZCTA5 91730,54991,6205,11953,22269,14564,91730
8600000US91731,ZCTA5 91731,22940,8788,6530,5049,2573,91731
8600000US91732,ZCTA5 91732,48585,17469,13451,11702,5963,91732
8600000US91733,ZCTA5 91733,34259,13915,10041,6984,3319,91733
8600000US91737,ZCTA5 91737,19151,1181,3831,7605,6534,91737
8600000US91739,ZCTA5 91739,29598,1677,4845,10467,12609,91739
8600000US91740,ZCTA5 91740,20161,2359,4665,7684,5453,91740
8600000US91741,ZCTA5 91741,20523,1044,3486,7094,8899,91741
8600000US91744,ZCTA5 91744,65119,19888,20325,18157,6749,91744
8600000US91745,ZCTA5 91745,44576,6034,10692,13728,14122,91745
8600000US91746,ZCTA5 91746,23125,6941,6678,6673,2833,91746
8600000US91748,ZCTA5 91748,38130,5263,8715,10279,13873,91748
8600000US91750,ZCTA5 91750,26974,2040,5041,10246,9647,91750
8600000US91752,ZCTA5 91752,26120,5310,7901,8431,4478,91752
8600000US91754,ZCTA5 91754,27369,4661,5820,7784,9104,91754
8600000US91755,ZCTA5 91755,22617,5160,6057,5332,6068,91755
8600000US91759,ZCTA5 91759,275,19,39,108,109,91759
8600000US91761,ZCTA5 91761,45980,9582,12938,15954,7506,91761
8600000US91762,ZCTA5 91762,45185,11851,13073,13491,6770,91762
8600000US91763,ZCTA5 91763,28844,7029,7896,9699,4220,91763
8600000US91764,ZCTA5 91764,41536,10741,11276,13401,6118,91764
8600000US91765,ZCTA5 91765,37357,1937,5539,10011,19870,91765
8600000US91766,ZCTA5 91766,53602,16610,13462,15013,8517,91766
8600000US91767,ZCTA5 91767,37929,8870,9480,12930,6649,91767
8600000US91768,ZCTA5 91768,27135,7360,6838,9665,3272,91768
8600000US91770,ZCTA5 91770,50643,15110,13227,12434,9872,91770
8600000US91773,ZCTA5 91773,26874,1962,5351,10330,9231,91773
8600000US91775,ZCTA5 91775,19608,2161,3582,4942,8923,91775
8600000US91776,ZCTA5 91776,32367,7436,9498,6958,8475,91776
8600000US91780,ZCTA5 91780,27732,3519,5927,7947,10339,91780
8600000US91784,ZCTA5 91784,21027,749,3419,7667,9192,91784
8600000US91786,ZCTA5 91786,41510,5581,10362,15907,9660,91786
8600000US91789,ZCTA5 91789,36146,2762,5891,10238,17255,91789
8600000US91790,ZCTA5 91790,35497,5513,10574,11757,7653,91790
8600000US91791,ZCTA5 91791,26304,3371,6974,7944,8015,91791
8600000US91792,ZCTA5 91792,23892,2536,5786,7975,7595,91792
8600000US91801,ZCTA5 91801,45790,6825,10687,11668,16610,91801
8600000US91803,ZCTA5 91803,24262,4417,5775,6972,7098,91803
8600000US91901,ZCTA5 91901,13967,872,3032,5642,4421,91901
8600000US91902,ZCTA5 91902,15439,1328,2578,5346,6187,91902
8600000US91905,ZCTA5 91905,1365,208,477,532,148,91905
8600000US91906,ZCTA5 91906,2967,789,871,888,419,91906
8600000US91910,ZCTA5 91910,58270,10658,13360,20761,13491,91910
8600000US91911,ZCTA5 91911,64116,15896,17501,20936,9783,91911
8600000US91913,ZCTA5 91913,38878,3380,6293,14734,14471,91913
8600000US91914,ZCTA5 91914,12239,873,2109,4051,5206,91914
8600000US91915,ZCTA5 91915,23246,1311,3720,9130,9085,91915
8600000US91916,ZCTA5 91916,1527,85,319,761,362,91916
8600000US91917,ZCTA5 91917,748,96,168,326,158,91917
8600000US91931,ZCTA5 91931,376,70,155,97,54,91931
8600000US91932,ZCTA5 91932,20003,3049,5299,7645,4010,91932
8600000US91934,ZCTA5 91934,300,63,23,199,15,91934
8600000US91935,ZCTA5 91935,7007,488,1404,2539,2576,91935
8600000US91941,ZCTA5 91941,25342,1548,4702,8961,10131,91941
8600000US91942,ZCTA5 91942,32452,2570,6346,12221,11315,91942
8600000US91945,ZCTA5 91945,20354,4032,5108,7586,3628,91945
8600000US91948,ZCTA5 91948,130,0,13,30,87,91948
8600000US91950,ZCTA5 91950,49814,11299,15182,17192,6141,91950
8600000US91962,ZCTA5 91962,1602,136,337,644,485,91962
8600000US91963,ZCTA5 91963,937,291,169,257,220,91963
8600000US91977,ZCTA5 91977,48555,6956,12016,19459,10124,91977
8600000US91978,ZCTA5 91978,7850,801,1757,3295,1997,91978
8600000US91980,ZCTA5 91980,0,0,0,0,0,91980
8600000US92003,ZCTA5 92003,4021,518,759,1290,1454,92003
8600000US92004,ZCTA5 92004,2042,274,753,546,469,92004
8600000US92007,ZCTA5 92007,9162,325,1000,2441,5396,92007
8600000US92008,ZCTA5 92008,22222,1348,3332,6226,11316,92008
8600000US92009,ZCTA5 92009,34757,1598,3079,9273,20807,92009
8600000US92010,ZCTA5 92010,12473,578,1972,3864,6059,92010
8600000US92011,ZCTA5 92011,18378,1083,1861,4358,11076,92011
8600000US92014,ZCTA5 92014,11166,110,714,1958,8384,92014
8600000US92019,ZCTA5 92019,34129,3134,7714,12787,10494,92019
8600000US92020,ZCTA5 92020,45100,7153,12288,15955,9704,92020
8600000US92021,ZCTA5 92021,53086,7654,16625,19970,8837,92021
8600000US92024,ZCTA5 92024,40854,2203,3929,10467,24255,92024
8600000US92025,ZCTA5 92025,38634,8730,9144,12204,8556,92025
8600000US92026,ZCTA5 92026,38980,5437,8424,14375,10744,92026
8600000US92027,ZCTA5 92027,42977,9717,11341,14259,7660,92027
8600000US92028,ZCTA5 92028,37457,5324,7921,13414,10798,92028
8600000US92029,ZCTA5 92029,15561,980,2301,5836,6444,92029
8600000US92036,ZCTA5 92036,2237,226,409,988,614,92036
8600000US92037,ZCTA5 92037,31351,903,2180,6267,22001,92037
8600000US92040,ZCTA5 92040,36093,3207,11326,14592,6968,92040
8600000US92054,ZCTA5 92054,32509,4366,7191,11731,9221,92054
8600000US92055,ZCTA5 92055,11503,66,8256,3041,140,92055
8600000US92056,ZCTA5 92056,42011,3994,9299,15468,13250,92056
8600000US92057,ZCTA5 92057,47342,6405,10309,17620,13008,92057
8600000US92058,ZCTA5 92058,32116,3328,9750,12399,6639,92058
8600000US92059,ZCTA5 92059,1029,219,245,408,157,92059
8600000US92060,ZCTA5 92060,166,0,0,48,118,92060
8600000US92061,ZCTA5 92061,1767,326,475,531,435,92061
8600000US92064,ZCTA5 92064,38009,3418,5651,11824,17116,92064
8600000US92065,ZCTA5 92065,29396,2905,8087,11071,7333,92065
8600000US92066,ZCTA5 92066,536,69,212,219,36,92066
8600000US92067,ZCTA5 92067,6398,207,761,1460,3970,92067
8600000US92069,ZCTA5 92069,37424,6522,8686,12927,9289,92069
8600000US92070,ZCTA5 92070,638,102,185,233,118,92070
8600000US92071,ZCTA5 92071,44941,2911,12507,17418,12105,92071
8600000US92075,ZCTA5 92075,10475,567,1030,2096,6782,92075
8600000US92078,ZCTA5 92078,37848,3354,6826,11951,15717,92078
8600000US92081,ZCTA5 92081,23392,1949,4516,9686,7241,92081
8600000US92082,ZCTA5 92082,14544,1325,3434,5532,4253,92082
8600000US92083,ZCTA5 92083,28743,6919,8203,9244,4377,92083
8600000US92084,ZCTA5 92084,38707,7422,9912,12628,8745,92084
8600000US92086,ZCTA5 92086,1428,149,423,569,287,92086
8600000US92091,ZCTA5 92091,1193,16,130,220,827,92091
8600000US92101,ZCTA5 92101,39183,2563,5349,10913,20358,92101
8600000US92102,ZCTA5 92102,33742,8697,7561,10175,7309,92102
8600000US92103,ZCTA5 92103,31093,1174,2937,7800,19182,92103
8600000US92104,ZCTA5 92104,38661,3932,5382,11170,18177,92104
8600000US92105,ZCTA5 92105,54792,17525,13720,16008,7539,92105
8600000US92106,ZCTA5 92106,16187,657,2457,4812,8261,92106
8600000US92107,ZCTA5 92107,27197,959,3570,8160,14508,92107
8600000US92108,ZCTA5 92108,19743,594,2538,6116,10495,92108
8600000US92109,ZCTA5 92109,41746,1279,4180,9889,26398,92109
8600000US92110,ZCTA5 92110,25653,1060,4717,10053,9823,92110
8600000US92111,ZCTA5 92111,40898,5388,7228,13619,14663,92111
8600000US92113,ZCTA5 92113,42295,13002,13824,12335,3134,92113
8600000US92114,ZCTA5 92114,53528,10857,14047,19884,8740,92114
8600000US92115,ZCTA5 92115,53068,6998,9920,23266,12884,92115
8600000US92116,ZCTA5 92116,28971,2002,3816,8619,14534,92116
8600000US92117,ZCTA5 92117,47082,3583,8165,14966,20368,92117
8600000US92118,ZCTA5 92118,18099,447,2385,4680,10587,92118
8600000US92119,ZCTA5 92119,19847,1069,3474,6223,9081,92119
8600000US92120,ZCTA5 92120,25021,916,4019,8731,11355,92120
8600000US92121,ZCTA5 92121,3956,66,262,1052,2576,92121
8600000US92122,ZCTA5 92122,42372,611,4266,12333,25162,92122
8600000US92123,ZCTA5 92123,26798,1380,4709,9166,11543,92123
8600000US92124,ZCTA5 92124,22973,638,3192,8234,10909,92124
8600000US92126,ZCTA5 92126,67366,6758,11718,21431,27459,92126
8600000US92127,ZCTA5 92127,34019,971,2965,7063,23020,92127
8600000US92128,ZCTA5 92128,41124,1414,4844,10687,24179,92128
8600000US92129,ZCTA5 92129,41160,1546,4448,11405,23761,92129
8600000US92130,ZCTA5 92130,40241,1100,2522,6597,30022,92130
8600000US92131,ZCTA5 92131,25216,1185,1960,5580,16491,92131
8600000US92132,ZCTA5 92132,0,0,0,0,0,92132
8600000US92134,ZCTA5 92134,285,0,125,154,6,92134
8600000US92135,ZCTA5 92135,635,0,419,200,16,92135
8600000US92139,ZCTA5 92139,27828,4875,6493,11122,5338,92139
8600000US92140,ZCTA5 92140,3705,73,2537,1054,41,92140
8600000US92145,ZCTA5 92145,1354,39,149,482,684,92145
8600000US92147,ZCTA5 92147,518,0,288,226,4,92147
8600000US92154,ZCTA5 92154,68639,15830,19449,22970,10390,92154
8600000US92155,ZCTA5 92155,456,0,316,138,2,92155
8600000US92173,ZCTA5 92173,22650,8276,5867,6576,1931,92173
8600000US92201,ZCTA5 92201,50827,11818,19602,13114,6293,92201
8600000US92203,ZCTA5 92203,24414,2327,7188,8820,6079,92203
8600000US92210,ZCTA5 92210,4874,146,691,1365,2672,92210
8600000US92211,ZCTA5 92211,22594,1077,4292,8321,8904,92211
8600000US92220,ZCTA5 92220,26055,5244,8597,8584,3630,92220
8600000US92222,ZCTA5 92222,0,0,0,0,0,92222
8600000US92223,ZCTA5 92223,40106,4890,11611,14476,9129,92223
8600000US92225,ZCTA5 92225,17694,4835,5350,6211,1298,92225
8600000US92227,ZCTA5 92227,18030,4474,4614,6949,1993,92227
8600000US92230,ZCTA5 92230,2122,665,670,540,247,92230
8600000US92231,ZCTA5 92231,28354,9030,5602,9275,4447,92231
8600000US92233,ZCTA5 92233,6281,2454,2313,1427,87,92233
8600000US92234,ZCTA5 92234,41739,8490,12621,12263,8365,92234
8600000US92236,ZCTA5 92236,34653,13319,14569,5607,1158,92236
8600000US92239,ZCTA5 92239,222,13,30,59,120,92239
8600000US92240,ZCTA5 92240,26455,6750,8437,8089,3179,92240
8600000US92241,ZCTA5 92241,6520,1347,1867,2383,923,92241
8600000US92242,ZCTA5 92242,1081,179,390,398,114,92242
8600000US92243,ZCTA5 92243,36029,10317,7869,11971,5872,92243
8600000US92249,ZCTA5 92249,5504,1546,1179,2081,698,92249
8600000US92250,ZCTA5 92250,6131,1697,1876,1840,718,92250
8600000US92251,ZCTA5 92251,17514,4213,4358,6211,2732,92251
8600000US92252,ZCTA5 92252,7448,1182,1870,3184,1212,92252
8600000US92253,ZCTA5 92253,32909,3180,7168,11464,11097,92253
8600000US92254,ZCTA5 92254,6840,4330,1804,632,74,92254
8600000US92256,ZCTA5 92256,2578,232,711,1040,595,92256
8600000US92257,ZCTA5 92257,892,190,287,357,58,92257
8600000US92258,ZCTA5 92258,510,302,69,133,6,92258
8600000US92259,ZCTA5 92259,116,16,65,35,0,92259
8600000US92260,ZCTA5 92260,29564,2401,6634,10889,9640,92260
8600000US92262,ZCTA5 92262,24211,2672,5220,7762,8557,92262
8600000US92264,ZCTA5 92264,18479,1463,3437,6141,7438,92264
8600000US92266,ZCTA5 92266,112,0,56,36,20,92266
8600000US92267,ZCTA5 92267,6,0,0,6,0,92267
8600000US92268,ZCTA5 92268,421,62,143,141,75,92268
8600000US92270,ZCTA5 92270,16818,770,2886,5679,7483,92270
8600000US92273,ZCTA5 92273,1452,318,337,679,118,92273
8600000US92274,ZCTA5 92274,11037,5555,3500,1434,548,92274
8600000US92275,ZCTA5 92275,1992,539,774,416,263,92275
8600000US92276,ZCTA5 92276,5447,933,2257,1657,600,92276
8600000US92277,ZCTA5 92277,16322,1535,4525,7262,3000,92277
8600000US92278,ZCTA5 92278,4158,63,2681,1216,198,92278
8600000US92280,ZCTA5 92280,0,0,0,0,0,92280
8600000US92281,ZCTA5 92281,1701,554,469,578,100,92281
8600000US92282,ZCTA5 92282,1097,251,237,383,226,92282
8600000US92283,ZCTA5 92283,1144,310,457,288,89,92283
8600000US92284,ZCTA5 92284,20134,2424,6331,8296,3083,92284
8600000US92285,ZCTA5 92285,2219,269,657,1049,244,92285
8600000US92301,ZCTA5 92301,22465,7142,6790,7362,1171,92301
8600000US92304,ZCTA5 92304,23,23,0,0,0,92304
8600000US92305,ZCTA5 92305,512,8,89,214,201,92305
8600000US92307,ZCTA5 92307,28552,3765,8493,11424,4870,92307
8600000US92308,ZCTA5 92308,30586,4239,9905,11719,4723,92308
8600000US92309,ZCTA5 92309,400,79,222,89,10,92309
8600000US92310,ZCTA5 92310,6226,218,2172,2326,1510,92310
8600000US92311,ZCTA5 92311,22820,5064,7241,8454,2061,92311
8600000US92313,ZCTA5 92313,10100,954,2978,3678,2490,92313
8600000US92314,ZCTA5 92314,8600,906,2674,3647,1373,92314
8600000US92315,ZCTA5 92315,4196,435,997,1608,1156,92315
8600000US92316,ZCTA5 92316,21130,7115,5880,5980,2155,92316
8600000US92320,ZCTA5 92320,7051,855,2274,2662,1260,92320
8600000US92321,ZCTA5 92321,856,117,236,335,168,92321
8600000US92322,ZCTA5 92322,560,0,119,208,233,92322
8600000US92324,ZCTA5 92324,43494,9682,12191,14569,7052,92324
8600000US92325,ZCTA5 92325,6452,397,1311,3251,1493,92325
8600000US92327,ZCTA5 92327,602,261,202,98,41,92327
8600000US92328,ZCTA5 92328,420,40,62,147,171,92328
8600000US92332,ZCTA5 92332,97,0,50,44,3,92332
8600000US92333,ZCTA5 92333,369,67,63,102,137,92333
8600000US92335,ZCTA5 92335,69825,23069,22886,18058,5812,92335
8600000US92336,ZCTA5 92336,70776,11344,19104,25216,15112,92336
8600000US92337,ZCTA5 92337,28401,5556,8537,9700,4608,92337
8600000US92338,ZCTA5 92338,0,0,0,0,0,92338
8600000US92339,ZCTA5 92339,821,30,178,358,255,92339
8600000US92341,ZCTA5 92341,197,11,55,101,30,92341
8600000US92342,ZCTA5 92342,5092,453,1129,2358,1152,92342
8600000US92344,ZCTA5 92344,16757,2416,5571,6733,2037,92344
8600000US92345,ZCTA5 92345,57572,12388,21065,18668,5451,92345
8600000US92346,ZCTA5 92346,46959,9547,13121,15553,8738,92346
8600000US92347,ZCTA5 92347,589,220,138,174,57,92347
8600000US92352,ZCTA5 92352,4460,213,879,1738,1630,92352
8600000US92354,ZCTA5 92354,18142,2022,3101,4960,8059,92354
8600000US92356,ZCTA5 92356,4908,870,1886,1667,485,92356
8600000US92358,ZCTA5 92358,658,74,317,151,116,92358
8600000US92359,ZCTA5 92359,7035,810,1897,2860,1468,92359
8600000US92363,ZCTA5 92363,3913,648,1647,1176,442,92363
8600000US92364,ZCTA5 92364,6,0,6,0,0,92364
8600000US92365,ZCTA5 92365,2150,298,658,939,255,92365
8600000US92368,ZCTA5 92368,688,195,247,204,42,92368
8600000US92371,ZCTA5 92371,13301,2123,4508,5218,1452,92371
8600000US92372,ZCTA5 92372,4622,438,1229,2340,615,92372
8600000US92373,ZCTA5 92373,26257,1949,3954,7855,12499,92373
8600000US92374,ZCTA5 92374,33448,4660,7748,11005,10035,92374
8600000US92376,ZCTA5 92376,61537,18216,20296,17800,5225,92376
8600000US92377,ZCTA5 92377,15502,2270,5047,5835,2350,92377
8600000US92378,ZCTA5 92378,213,51,41,90,31,92378
8600000US92382,ZCTA5 92382,3224,162,625,1582,855,92382
8600000US92384,ZCTA5 92384,17,0,0,4,13,92384
8600000US92385,ZCTA5 92385,190,0,39,98,53,92385
8600000US92386,ZCTA5 92386,1790,198,579,678,335,92386
8600000US92389,ZCTA5 92389,149,25,23,62,39,92389
8600000US92391,ZCTA5 92391,1544,407,476,480,181,92391
8600000US92392,ZCTA5 92392,39848,8110,11939,15149,4650,92392
8600000US92394,ZCTA5 92394,23970,4711,8114,8707,2438,92394
8600000US92395,ZCTA5 92395,30833,7001,8336,10814,4682,92395
8600000US92397,ZCTA5 92397,3425,281,832,1287,1025,92397
8600000US92398,ZCTA5 92398,1598,311,385,873,29,92398
8600000US92399,ZCTA5 92399,40973,4354,11678,15815,9126,92399
8600000US92401,ZCTA5 92401,1647,797,361,398,91,92401
8600000US92404,ZCTA5 92404,43873,10756,15673,13357,4087,92404
8600000US92405,ZCTA5 92405,19999,5758,6142,6173,1926,92405
8600000US92407,ZCTA5 92407,48707,10572,13551,17842,6742,92407
8600000US92408,ZCTA5 92408,10145,3519,2602,2467,1557,92408
8600000US92410,ZCTA5 92410,29923,11172,9411,7752,1588,92410
8600000US92411,ZCTA5 92411,17461,6438,5546,4223,1254,92411
8600000US92501,ZCTA5 92501,16499,3093,4339,5942,3125,92501
8600000US92503,ZCTA5 92503,70710,16115,21033,21819,11743,92503
8600000US92504,ZCTA5 92504,45369,7384,14391,16396,7198,92504
8600000US92505,ZCTA5 92505,40108,8154,12517,13388,6049,92505
8600000US92506,ZCTA5 92506,35769,3722,7720,12317,12010,92506
8600000US92507,ZCTA5 92507,48078,6829,11723,19222,10304,92507
8600000US92508,ZCTA5 92508,27971,2029,5384,11846,8712,92508
8600000US92509,ZCTA5 92509,58112,15577,18570,17861,6104,92509
8600000US92518,ZCTA5 92518,731,85,137,255,254,92518
8600000US92530,ZCTA5 92530,40644,8126,14043,13676,4799,92530
8600000US92532,ZCTA5 92532,17480,2141,3711,7391,4237,92532
8600000US92536,ZCTA5 92536,2300,204,841,861,394,92536
8600000US92539,ZCTA5 92539,3577,447,1206,1426,498,92539
8600000US92543,ZCTA5 92543,27068,6635,8780,9720,1933,92543
8600000US92544,ZCTA5 92544,36749,6844,11645,13828,4432,92544
8600000US92545,ZCTA5 92545,32126,5056,10347,12729,3994,92545
8600000US92548,ZCTA5 92548,5611,1526,2090,1465,530,92548
8600000US92549,ZCTA5 92549,2188,107,629,666,786,92549
8600000US92551,ZCTA5 92551,24209,5917,7463,7578,3251,92551
8600000US92553,ZCTA5 92553,53363,14823,17121,16398,5021,92553
8600000US92555,ZCTA5 92555,32384,5599,8841,11244,6700,92555
8600000US92557,ZCTA5 92557,39634,6321,12034,14403,6876,92557
8600000US92561,ZCTA5 92561,1279,107,265,400,507,92561
8600000US92562,ZCTA5 92562,47363,3858,12093,18050,13362,92562
8600000US92563,ZCTA5 92563,47819,3833,12016,18666,13304,92563
8600000US92567,ZCTA5 92567,7623,1731,2588,2381,923,92567
8600000US92570,ZCTA5 92570,43102,13466,14696,12128,2812,92570
8600000US92571,ZCTA5 92571,38992,10903,13272,11001,3816,92571
8600000US92582,ZCTA5 92582,11465,1998,3540,4220,1707,92582
8600000US92583,ZCTA5 92583,24073,5538,7346,8765,2424,92583
8600000US92584,ZCTA5 92584,38540,3775,9993,16216,8556,92584
8600000US92585,ZCTA5 92585,16286,2868,4560,5967,2891,92585
8600000US92586,ZCTA5 92586,16814,2195,5234,7175,2210,92586
8600000US92587,ZCTA5 92587,13034,1314,3853,4812,3055,92587
8600000US92590,ZCTA5 92590,4007,627,1062,1395,923,92590
8600000US92591,ZCTA5 92591,30496,2402,6329,12519,9246,92591
8600000US92592,ZCTA5 92592,59708,4062,12920,22854,19872,92592
8600000US92595,ZCTA5 92595,24757,3229,7857,9752,3919,92595
8600000US92596,ZCTA5 92596,21771,2131,5200,8944,5496,92596
8600000US92602,ZCTA5 92602,15981,331,1336,3620,10694,92602
8600000US92603,ZCTA5 92603,14722,190,830,2507,11195,92603
8600000US92604,ZCTA5 92604,22586,1337,2457,6110,12682,92604
8600000US92606,ZCTA5 92606,19920,1086,2550,4733,11551,92606
8600000US92610,ZCTA5 92610,12004,435,1119,3378,7072,92610
8600000US92612,ZCTA5 92612,29655,1025,3647,9624,15359,92612
8600000US92614,ZCTA5 92614,21496,986,1633,5687,13190,92614
8600000US92617,ZCTA5 92617,15937,173,3544,7022,5198,92617
8600000US92618,ZCTA5 92618,37005,1208,3765,8430,23602,92618
8600000US92620,ZCTA5 92620,38701,1571,3500,7892,25738,92620
8600000US92624,ZCTA5 92624,5663,474,802,2213,2174,92624
8600000US92625,ZCTA5 92625,10424,318,763,2130,7213,92625
8600000US92626,ZCTA5 92626,41445,3844,6943,13962,16696,92626
8600000US92627,ZCTA5 92627,49087,8717,9842,13701,16827,92627
8600000US92629,ZCTA5 92629,22387,1205,2693,6885,11604,92629
8600000US92630,ZCTA5 92630,47749,4132,7913,16095,19609,92630
8600000US92637,ZCTA5 92637,16019,847,2651,4635,7886,92637
8600000US92646,ZCTA5 92646,45329,2508,7732,16477,18612,92646
8600000US92647,ZCTA5 92647,48639,4985,10348,17069,16237,92647
8600000US92648,ZCTA5 92648,38177,2870,6704,12017,16586,92648
8600000US92649,ZCTA5 92649,29044,1819,4205,9969,13051,92649
8600000US92651,ZCTA5 92651,20741,656,2048,4863,13174,92651
8600000US92653,ZCTA5 92653,23746,1927,3443,7227,11149,92653
8600000US92655,ZCTA5 92655,5967,1785,1642,1415,1125,92655
8600000US92656,ZCTA5 92656,39634,1591,5044,12516,20483,92656
8600000US92657,ZCTA5 92657,7790,129,552,1151,5958,92657
8600000US92660,ZCTA5 92660,28026,698,2228,7109,17991,92660
8600000US92661,ZCTA5 92661,3144,60,363,889,1832,92661
8600000US92662,ZCTA5 92662,2237,0,157,537,1543,92662
8600000US92663,ZCTA5 92663,19150,566,1675,5771,11138,92663
8600000US92672,ZCTA5 92672,28591,2073,4310,9881,12327,92672
8600000US92673,ZCTA5 92673,22488,848,2471,7123,12046,92673
8600000US92675,ZCTA5 92675,29397,4136,5795,9100,10366,92675
8600000US92676,ZCTA5 92676,1708,61,320,654,673,92676
8600000US92677,ZCTA5 92677,53407,2920,7461,16256,26770,92677
8600000US92678,ZCTA5 92678,461,45,90,186,140,92678
8600000US92679,ZCTA5 92679,24808,866,2632,7423,13887,92679
8600000US92683,ZCTA5 92683,72778,15162,16226,22976,18414,92683
8600000US92688,ZCTA5 92688,33307,1772,4909,10969,15657,92688
8600000US92691,ZCTA5 92691,40701,2978,6602,13990,17131,92691
8600000US92692,ZCTA5 92692,37824,1902,5087,12242,18593,92692
8600000US92694,ZCTA5 92694,18620,682,1540,4416,11982,92694
8600000US92701,ZCTA5 92701,37738,16663,8636,8697,3742,92701
8600000US92703,ZCTA5 92703,50828,21585,12688,11703,4852,92703
8600000US92704,ZCTA5 92704,65601,22669,16231,16673,10028,92704
8600000US92705,ZCTA5 92705,35926,4579,6749,10705,13893,92705
8600000US92706,ZCTA5 92706,26356,8499,5707,7137,5013,92706
8600000US92707,ZCTA5 92707,45709,15572,11504,12149,6484,92707
8600000US92708,ZCTA5 92708,45687,4515,7656,15189,18327,92708
8600000US92780,ZCTA5 92780,44744,6717,10060,13835,14132,92780
8600000US92782,ZCTA5 92782,17148,1028,1490,4072,10558,92782
8600000US92801,ZCTA5 92801,49286,11934,13741,14885,8726,92801
8600000US92802,ZCTA5 92802,31552,8953,8173,9049,5377,92802
8600000US92804,ZCTA5 92804,68892,14717,18394,21680,14101,92804
8600000US92805,ZCTA5 92805,54338,16250,13624,15110,9354,92805
8600000US92806,ZCTA5 92806,30581,5646,7557,9603,7775,92806
8600000US92807,ZCTA5 92807,29015,2030,5475,10139,11371,92807
8600000US92808,ZCTA5 92808,16053,885,2065,5027,8076,92808
8600000US92821,ZCTA5 92821,29644,2375,5031,10314,11924,92821
8600000US92823,ZCTA5 92823,3395,103,431,878,1983,92823
8600000US92831,ZCTA5 92831,29964,3088,5000,11098,10778,92831
8600000US92832,ZCTA5 92832,19559,3554,4260,6147,5598,92832
8600000US92833,ZCTA5 92833,40249,4720,8476,11437,15616,92833
8600000US92835,ZCTA5 92835,18932,946,2568,5841,9577,92835
8600000US92840,ZCTA5 92840,43410,9868,10851,13643,9048,92840
8600000US92841,ZCTA5 92841,26476,5860,7321,7882,5413,92841
8600000US92843,ZCTA5 92843,36379,10580,9679,10397,5723,92843
8600000US92844,ZCTA5 92844,18721,4795,4392,5596,3938,92844
8600000US92845,ZCTA5 92845,12654,995,2630,4503,4526,92845
8600000US92860,ZCTA5 92860,21601,3005,6642,7890,4064,92860
8600000US92861,ZCTA5 92861,4759,295,669,1352,2443,92861
8600000US92865,ZCTA5 92865,16036,2298,3267,5293,5178,92865
8600000US92866,ZCTA5 92866,12786,1635,2594,4930,3627,92866
8600000US92867,ZCTA5 92867,34127,4666,6692,11542,11227,92867
8600000US92868,ZCTA5 92868,21992,3802,5396,6879,5915,92868
8600000US92869,ZCTA5 92869,28992,3393,4656,9357,11586,92869
8600000US92870,ZCTA5 92870,41109,4929,7058,14365,14757,92870
8600000US92879,ZCTA5 92879,35716,6264,10466,11725,7261,92879
8600000US92880,ZCTA5 92880,48925,5385,10306,17497,15737,92880
8600000US92881,ZCTA5 92881,25450,2743,5673,10026,7008,92881
8600000US92882,ZCTA5 92882,55086,8186,14926,19121,12853,92882
8600000US92883,ZCTA5 92883,25908,2059,5999,10448,7402,92883
8600000US92886,ZCTA5 92886,38704,2077,5598,12243,18786,92886
8600000US92887,ZCTA5 92887,15704,569,1936,4257,8942,92887
8600000US93001,ZCTA5 93001,25761,3966,5096,8829,7870,93001
8600000US93003,ZCTA5 93003,40247,3516,7349,15519,13863,93003
8600000US93004,ZCTA5 93004,24842,2589,5266,9409,7578,93004
8600000US93010,ZCTA5 93010,36063,2847,6069,14019,13128,93010
8600000US93012,ZCTA5 93012,29740,1341,4252,12089,12058,93012
8600000US93013,ZCTA5 93013,13502,2004,2367,4385,4746,93013
8600000US93015,ZCTA5 93015,13060,3027,2851,5303,1879,93015
8600000US93021,ZCTA5 93021,29265,2808,4351,10177,11929,93021
8600000US93022,ZCTA5 93022,5715,781,1215,2062,1657,93022
8600000US93023,ZCTA5 93023,16956,1503,2894,5818,6741,93023
8600000US93030,ZCTA5 93030,42617,11974,11518,12312,6813,93030
8600000US93033,ZCTA5 93033,59393,23014,15421,15549,5409,93033
8600000US93035,ZCTA5 93035,23757,2180,5672,8802,7103,93035
8600000US93036,ZCTA5 93036,34904,7674,9194,11207,6829,93036
8600000US93040,ZCTA5 93040,1264,369,341,442,112,93040
8600000US93041,ZCTA5 93041,18444,3213,5329,6669,3233,93041
8600000US93042,ZCTA5 93042,118,4,52,50,12,93042
8600000US93043,ZCTA5 93043,85,53,3,29,0,93043
8600000US93060,ZCTA5 93060,24369,7471,5828,7607,3463,93060
8600000US93063,ZCTA5 93063,44957,3566,10831,17517,13043,93063
8600000US93064,ZCTA5 93064,0,0,0,0,0,93064
8600000US93065,ZCTA5 93065,55747,4917,11972,20712,18146,93065
8600000US93066,ZCTA5 93066,2663,338,658,854,813,93066
8600000US93067,ZCTA5 93067,398,0,61,91,246,93067
8600000US93101,ZCTA5 93101,26046,4842,3826,8071,9307,93101
8600000US93103,ZCTA5 93103,16778,2357,2373,4620,7428,93103
8600000US93105,ZCTA5 93105,23600,2154,2938,5328,13180,93105
8600000US93108,ZCTA5 93108,8546,278,760,2325,5183,93108
8600000US93109,ZCTA5 93109,9525,604,1004,3381,4536,93109
8600000US93110,ZCTA5 93110,13818,1066,2451,4211,6090,93110
8600000US93111,ZCTA5 93111,14155,1035,2181,4259,6680,93111
8600000US93117,ZCTA5 93117,50979,2803,6616,27513,14047,93117
8600000US93201,ZCTA5 93201,1008,498,289,206,15,93201
8600000US93202,ZCTA5 93202,2822,734,741,1112,235,93202
8600000US93203,ZCTA5 93203,14407,7995,3589,2505,318,93203
8600000US93204,ZCTA5 93204,8944,4597,2264,1805,278,93204
8600000US93205,ZCTA5 93205,1553,364,555,401,233,93205
8600000US93206,ZCTA5 93206,996,340,394,213,49,93206
8600000US93207,ZCTA5 93207,213,23,55,81,54,93207
8600000US93208,ZCTA5 93208,106,64,3,21,18,93208
8600000US93210,ZCTA5 93210,13790,4241,3313,4784,1452,93210
8600000US93212,ZCTA5 93212,18893,7770,5552,4917,654,93212
8600000US93215,ZCTA5 93215,40503,15424,11965,10248,2866,93215
8600000US93218,ZCTA5 93218,616,222,167,205,22,93218
8600000US93219,ZCTA5 93219,6947,3513,1937,1326,171,93219
8600000US93220,ZCTA5 93220,65,65,0,0,0,93220
8600000US93221,ZCTA5 93221,10388,1867,2714,4002,1805,93221
8600000US93222,ZCTA5 93222,1358,113,341,550,354,93222
8600000US93223,ZCTA5 93223,7479,2565,2491,2077,346,93223
8600000US93224,ZCTA5 93224,351,106,105,123,17,93224
8600000US93225,ZCTA5 93225,4006,585,1366,1414,641,93225
8600000US93226,ZCTA5 93226,118,0,47,41,30,93226
8600000US93230,ZCTA5 93230,48442,9550,13246,17414,8232,93230
8600000US93234,ZCTA5 93234,4690,3033,703,885,69,93234
8600000US93235,ZCTA5 93235,2914,1114,969,679,152,93235
8600000US93238,ZCTA5 93238,553,28,89,212,224,93238
8600000US93239,ZCTA5 93239,853,524,152,162,15,93239
8600000US93240,ZCTA5 93240,5085,622,1737,1980,746,93240
8600000US93241,ZCTA5 93241,10843,5994,3039,1583,227,93241
8600000US93242,ZCTA5 93242,2280,929,480,719,152,93242
8600000US93243,ZCTA5 93243,1310,272,540,250,248,93243
8600000US93244,ZCTA5 93244,255,12,63,71,109,93244
8600000US93245,ZCTA5 93245,27810,3931,7900,11218,4761,93245
8600000US93247,ZCTA5 93247,12720,5325,3598,3074,723,93247
8600000US93249,ZCTA5 93249,1203,633,359,191,20,93249
8600000US93250,ZCTA5 93250,10707,4339,3778,2231,359,93250
8600000US93251,ZCTA5 93251,165,54,44,59,8,93251
8600000US93252,ZCTA5 93252,2076,666,758,510,142,93252
8600000US93254,ZCTA5 93254,543,120,152,194,77,93254
8600000US93255,ZCTA5 93255,671,33,334,130,174,93255
8600000US93256,ZCTA5 93256,3293,1919,674,625,75,93256
8600000US93257,ZCTA5 93257,53185,15174,15408,17348,5255,93257
8600000US93258,ZCTA5 93258,1535,788,514,216,17,93258
8600000US93260,ZCTA5 93260,208,35,26,110,37,93260
8600000US93261,ZCTA5 93261,1784,1146,352,256,30,93261
8600000US93262,ZCTA5 93262,53,0,0,35,18,93262
8600000US93263,ZCTA5 93263,14987,5694,4731,3276,1286,93263
8600000US93265,ZCTA5 93265,3019,98,864,1156,901,93265
8600000US93266,ZCTA5 93266,776,317,192,209,58,93266
8600000US93267,ZCTA5 93267,4601,1828,1332,1089,352,93267
8600000US93268,ZCTA5 93268,12733,3433,4735,3632,933,93268
8600000US93270,ZCTA5 93270,3908,1655,870,1076,307,93270
8600000US93271,ZCTA5 93271,2116,73,327,647,1069,93271
8600000US93272,ZCTA5 93272,2821,1440,700,608,73,93272
8600000US93274,ZCTA5 93274,49000,12452,14817,16996,4735,93274
8600000US93276,ZCTA5 93276,103,30,47,9,17,93276
8600000US93277,ZCTA5 93277,37604,5068,8928,15855,7753,93277
8600000US93280,ZCTA5 93280,20773,8345,7178,4595,655,93280
8600000US93283,ZCTA5 93283,1946,315,830,735,66,93283
8600000US93285,ZCTA5 93285,2161,274,902,733,252,93285
8600000US93286,ZCTA5 93286,6579,2088,1644,2081,766,93286
8600000US93287,ZCTA5 93287,54,2,27,25,0,93287
8600000US93291,ZCTA5 93291,41048,9924,8641,14416,8067,93291
8600000US93292,ZCTA5 93292,29284,4776,7852,11401,5255,93292
8600000US93301,ZCTA5 93301,8807,1938,2717,2706,1446,93301
8600000US93304,ZCTA5 93304,34184,10001,11376,10289,2518,93304
8600000US93305,ZCTA5 93305,24554,9569,7576,5907,1502,93305
8600000US93306,ZCTA5 93306,49993,12503,14159,15727,7604,93306
8600000US93307,ZCTA5 93307,57233,21749,19558,13137,2789,93307
8600000US93308,ZCTA5 93308,39508,6613,13532,13997,5366,93308
8600000US93309,ZCTA5 93309,43721,6592,13352,15640,8137,93309
8600000US93311,ZCTA5 93311,33353,3880,6538,11482,11453,93311
8600000US93312,ZCTA5 93312,43235,2733,9983,17946,12573,93312
8600000US93313,ZCTA5 93313,37997,7806,11861,13023,5307,93313
8600000US93314,ZCTA5 93314,21021,2037,4284,8399,6301,93314
8600000US93401,ZCTA5 93401,24206,1407,3117,8900,10782,93401
8600000US93402,ZCTA5 93402,13446,1137,2176,4832,5301,93402
8600000US93405,ZCTA5 93405,33424,1979,5324,19776,6345,93405
8600000US93410,ZCTA5 93410,0,0,0,0,0,93410
8600000US93420,ZCTA5 93420,24372,1379,5725,8833,8435,93420
8600000US93422,ZCTA5 93422,26193,1394,6367,10360,8072,93422
8600000US93424,ZCTA5 93424,765,14,315,246,190,93424
8600000US93426,ZCTA5 93426,1303,118,372,518,295,93426
8600000US93427,ZCTA5 93427,4671,729,758,1520,1664,93427
8600000US93428,ZCTA5 93428,5275,303,946,1927,2099,93428
8600000US93429,ZCTA5 93429,144,53,35,56,0,93429
8600000US93430,ZCTA5 93430,2541,50,505,1079,907,93430
8600000US93432,ZCTA5 93432,1141,25,141,519,456,93432
8600000US93433,ZCTA5 93433,10497,869,2154,4369,3105,93433
8600000US93434,ZCTA5 93434,5059,1961,1045,1604,449,93434
8600000US93436,ZCTA5 93436,41782,8041,11232,15786,6723,93436
8600000US93437,ZCTA5 93437,2350,60,368,1248,674,93437
8600000US93440,ZCTA5 93440,1241,341,337,424,139,93440
8600000US93441,ZCTA5 93441,767,53,153,194,367,93441
8600000US93442,ZCTA5 93442,9410,682,1911,3310,3507,93442
8600000US93444,ZCTA5 93444,17101,2421,3586,6282,4812,93444
8600000US93445,ZCTA5 93445,5432,1010,1403,2201,818,93445
8600000US93446,ZCTA5 93446,35123,4060,8124,14618,8321,93446
8600000US93449,ZCTA5 93449,7395,225,1453,2488,3229,93449
8600000US93450,ZCTA5 93450,497,229,180,50,38,93450
8600000US93451,ZCTA5 93451,3452,668,1011,1156,617,93451
8600000US93452,ZCTA5 93452,483,111,167,152,53,93452
8600000US93453,ZCTA5 93453,2199,76,580,885,658,93453
8600000US93454,ZCTA5 93454,28466,8451,6494,9185,4336,93454
8600000US93455,ZCTA5 93455,35329,3241,8629,14483,8976,93455
8600000US93458,ZCTA5 93458,37583,18064,7643,9334,2542,93458
8600000US93460,ZCTA5 93460,4248,203,1059,1615,1371,93460
8600000US93461,ZCTA5 93461,1059,302,262,382,113,93461
8600000US93463,ZCTA5 93463,6465,318,1230,2430,2487,93463
8600000US93465,ZCTA5 93465,6972,195,1635,2684,2458,93465
8600000US93501,ZCTA5 93501,3792,893,1351,1198,350,93501
8600000US93505,ZCTA5 93505,10895,2348,3675,3704,1168,93505
8600000US93510,ZCTA5 93510,6261,474,1413,2790,1584,93510
8600000US93512,ZCTA5 93512,320,17,53,156,94,93512
8600000US93513,ZCTA5 93513,1289,122,391,533,243,93513
8600000US93514,ZCTA5 93514,11361,1056,3428,3688,3189,93514
8600000US93516,ZCTA5 93516,1813,335,651,634,193,93516
8600000US93517,ZCTA5 93517,557,33,115,199,210,93517
8600000US93518,ZCTA5 93518,698,113,180,241,164,93518
8600000US93519,ZCTA5 93519,0,0,0,0,0,93519
8600000US93522,ZCTA5 93522,100,0,33,45,22,93522
8600000US93523,ZCTA5 93523,2178,104,403,980,691,93523
8600000US93524,ZCTA5 93524,165,0,105,55,5,93524
8600000US93526,ZCTA5 93526,543,31,239,179,94,93526
8600000US93527,ZCTA5 93527,1238,91,423,383,341,93527
8600000US93528,ZCTA5 93528,92,0,26,66,0,93528
8600000US93529,ZCTA5 93529,368,0,155,129,84,93529
8600000US93530,ZCTA5 93530,10,0,0,5,5,93530
8600000US93531,ZCTA5 93531,310,43,19,110,138,93531
8600000US93532,ZCTA5 93532,2163,206,639,916,402,93532
8600000US93534,ZCTA5 93534,27997,4913,8483,10476,4125,93534
8600000US93535,ZCTA5 93535,51617,10371,18102,18114,5030,93535
8600000US93536,ZCTA5 93536,52750,6686,13997,20415,11652,93536
8600000US93541,ZCTA5 93541,202,0,21,36,145,93541
8600000US93543,ZCTA5 93543,10255,3743,2766,2997,749,93543
8600000US93544,ZCTA5 93544,1086,91,281,555,159,93544
8600000US93545,ZCTA5 93545,1366,377,454,314,221,93545
8600000US93546,ZCTA5 93546,7446,856,1771,3005,1814,93546
8600000US93549,ZCTA5 93549,286,46,164,70,6,93549
8600000US93550,ZCTA5 93550,53037,16161,15734,17112,4030,93550
8600000US93551,ZCTA5 93551,37805,4574,8397,15196,9638,93551
8600000US93552,ZCTA5 93552,27750,7758,8071,9080,2841,93552
8600000US93553,ZCTA5 93553,1395,364,412,375,244,93553
8600000US93554,ZCTA5 93554,125,26,69,22,8,93554
8600000US93555,ZCTA5 93555,24900,2359,6498,9525,6518,93555
8600000US93558,ZCTA5 93558,26,0,9,17,0,93558
8600000US93560,ZCTA5 93560,15213,3104,4665,4964,2480,93560
8600000US93561,ZCTA5 93561,27035,3894,7520,10933,4688,93561
8600000US93562,ZCTA5 93562,1273,202,377,564,130,93562
8600000US93563,ZCTA5 93563,350,40,67,163,80,93563
8600000US93591,ZCTA5 93591,4639,1535,1387,1439,278,93591
8600000US93592,ZCTA5 93592,101,0,57,26,18,93592
8600000US93601,ZCTA5 93601,1407,169,630,478,130,93601
8600000US93602,ZCTA5 93602,2788,306,560,1302,620,93602
8600000US93603,ZCTA5 93603,175,53,0,59,63,93603
8600000US93604,ZCTA5 93604,510,11,125,223,151,93604
8600000US93605,ZCTA5 93605,114,7,37,33,37,93605
8600000US93606,ZCTA5 93606,684,282,167,185,50,93606
8600000US93608,ZCTA5 93608,930,579,205,146,0,93608
8600000US93609,ZCTA5 93609,3811,1355,984,942,530,93609
8600000US93610,ZCTA5 93610,17890,4600,5031,6709,1550,93610
8600000US93611,ZCTA5 93611,35612,2748,7385,14183,11296,93611
8600000US93612,ZCTA5 93612,26123,3518,6766,11409,4430,93612
8600000US93614,ZCTA5 93614,9464,563,2863,3698,2340,93614
8600000US93615,ZCTA5 93615,4226,2065,1065,1054,42,93615
8600000US93616,ZCTA5 93616,1810,681,416,477,236,93616
8600000US93618,ZCTA5 93618,20708,6524,6641,5411,2132,93618
8600000US93619,ZCTA5 93619,28493,1442,4196,10653,12202,93619
8600000US93620,ZCTA5 93620,6446,2158,1887,1664,737,93620
8600000US93621,ZCTA5 93621,95,0,0,19,76,93621
8600000US93622,ZCTA5 93622,7163,3501,1813,1473,376,93622
8600000US93623,ZCTA5 93623,114,10,2,22,80,93623
8600000US93624,ZCTA5 93624,563,353,99,59,52,93624
8600000US93625,ZCTA5 93625,5771,1285,1661,1728,1097,93625
8600000US93626,ZCTA5 93626,1806,183,313,588,722,93626
8600000US93627,ZCTA5 93627,147,67,0,80,0,93627
8600000US93628,ZCTA5 93628,83,0,32,14,37,93628
8600000US93630,ZCTA5 93630,13933,5153,3969,3804,1007,93630
8600000US93631,ZCTA5 93631,11544,1818,2734,3967,3025,93631
8600000US93633,ZCTA5 93633,0,0,0,0,0,93633
8600000US93634,ZCTA5 93634,22,6,3,5,8,93634
8600000US93635,ZCTA5 93635,27172,7797,8521,8209,2645,93635
8600000US93636,ZCTA5 93636,9927,1335,2373,3855,2364,93636
8600000US93637,ZCTA5 93637,28089,8339,7105,9359,3286,93637
8600000US93638,ZCTA5 93638,33741,14579,7759,9011,2392,93638
8600000US93640,ZCTA5 93640,8455,5050,1748,1497,160,93640
8600000US93641,ZCTA5 93641,223,19,81,121,2,93641
8600000US93643,ZCTA5 93643,2231,253,593,920,465,93643
8600000US93644,ZCTA5 93644,7417,608,2036,3149,1624,93644
8600000US93645,ZCTA5 93645,148,0,78,40,30,93645
8600000US93646,ZCTA5 93646,7340,3185,1883,1993,279,93646
8600000US93647,ZCTA5 93647,7500,2831,2057,2138,474,93647
8600000US93648,ZCTA5 93648,10705,4924,3032,2218,531,93648
8600000US93650,ZCTA5 93650,2409,462,916,915,116,93650
8600000US93651,ZCTA5 93651,1447,132,404,594,317,93651
8600000US93652,ZCTA5 93652,434,230,120,84,0,93652
8600000US93653,ZCTA5 93653,1109,127,320,415,247,93653
8600000US93654,ZCTA5 93654,21206,6055,5086,7435,2630,93654
8600000US93656,ZCTA5 93656,4256,1613,1222,1017,404,93656
8600000US93657,ZCTA5 93657,25066,6121,6676,8486,3783,93657
8600000US93660,ZCTA5 93660,2659,1464,537,555,103,93660
8600000US93662,ZCTA5 93662,21524,6024,6332,7053,2115,93662
8600000US93664,ZCTA5 93664,356,0,78,119,159,93664
8600000US93665,ZCTA5 93665,479,194,126,146,13,93665
8600000US93666,ZCTA5 93666,495,240,146,101,8,93666
8600000US93667,ZCTA5 93667,1823,205,422,838,358,93667
8600000US93668,ZCTA5 93668,786,367,134,200,85,93668
8600000US93669,ZCTA5 93669,214,41,75,67,31,93669
8600000US93673,ZCTA5 93673,520,233,191,86,10,93673
8600000US93675,ZCTA5 93675,2839,407,870,1029,533,93675
8600000US93701,ZCTA5 93701,6865,3171,1689,1702,303,93701
8600000US93702,ZCTA5 93702,29870,13044,7598,7689,1539,93702
8600000US93703,ZCTA5 93703,22468,7056,5553,8193,1666,93703
8600000US93704,ZCTA5 93704,22684,3193,4709,8212,6570,93704
8600000US93705,ZCTA5 93705,26159,5615,7606,9874,3064,93705
8600000US93706,ZCTA5 93706,27306,9692,7619,7876,2119,93706
8600000US93710,ZCTA5 93710,26480,2295,6271,12363,5551,93710
8600000US93711,ZCTA5 93711,31112,1929,5557,10978,12648,93711
8600000US93720,ZCTA5 93720,36115,2218,5416,12071,16410,93720
8600000US93721,ZCTA5 93721,6693,2402,1693,1769,829,93721
8600000US93722,ZCTA5 93722,59318,11164,15799,22344,10011,93722
8600000US93723,ZCTA5 93723,9909,1807,2777,3374,1951,93723
8600000US93725,ZCTA5 93725,18184,6622,4822,5092,1648,93725
8600000US93726,ZCTA5 93726,30466,6287,7713,12483,3983,93726
8600000US93727,ZCTA5 93727,57965,11867,14551,21121,10426,93727
8600000US93728,ZCTA5 93728,12153,3533,2784,4120,1716,93728
8600000US93730,ZCTA5 93730,9421,307,1155,2494,5465,93730
8600000US93901,ZCTA5 93901,20853,4581,4371,7269,4632,93901
8600000US93905,ZCTA5 93905,39003,21989,8543,6641,1830,93905
8600000US93906,ZCTA5 93906,45798,13900,12181,13951,5766,93906
8600000US93907,ZCTA5 93907,18348,3313,4644,6608,3783,93907
8600000US93908,ZCTA5 93908,9801,1184,1417,2809,4391,93908
8600000US93920,ZCTA5 93920,1239,202,250,362,425,93920
8600000US93921,ZCTA5 93921,2889,31,338,556,1964,93921
8600000US93923,ZCTA5 93923,10621,489,1207,2694,6231,93923
8600000US93924,ZCTA5 93924,5314,498,647,1771,2398,93924
8600000US93925,ZCTA5 93925,1396,643,295,347,111,93925
8600000US93926,ZCTA5 93926,6248,2597,1172,1991,488,93926
8600000US93927,ZCTA5 93927,12154,5992,3047,2522,593,93927
8600000US93928,ZCTA5 93928,803,4,230,471,98,93928
8600000US93930,ZCTA5 93930,11642,5666,2558,2587,831,93930
8600000US93932,ZCTA5 93932,505,14,255,162,74,93932
8600000US93933,ZCTA5 93933,19626,2334,3845,8043,5404,93933
8600000US93940,ZCTA5 93940,27284,1978,3308,8930,13068,93940
8600000US93943,ZCTA5 93943,0,0,0,0,0,93943
8600000US93950,ZCTA5 93950,12634,473,1814,3816,6531,93950
8600000US93953,ZCTA5 93953,3522,91,425,963,2043,93953
8600000US93954,ZCTA5 93954,342,140,117,85,0,93954
8600000US93955,ZCTA5 93955,26027,4488,6403,9664,5472,93955
8600000US93960,ZCTA5 93960,20777,8048,5827,5582,1320,93960
8600000US93962,ZCTA5 93962,397,0,103,200,94,93962
8600000US94002,ZCTA5 94002,20916,921,2259,4903,12833,94002
8600000US94005,ZCTA5 94005,3853,307,619,866,2061,94005
8600000US94010,ZCTA5 94010,32497,1464,3287,5740,22006,94010
8600000US94014,ZCTA5 94014,40933,6736,8991,12254,12952,94014
8600000US94015,ZCTA5 94015,55165,5371,10302,18950,20542,94015
8600000US94019,ZCTA5 94019,16682,2061,2429,3999,8193,94019
8600000US94020,ZCTA5 94020,1506,2,183,391,930,94020
8600000US94021,ZCTA5 94021,511,88,109,114,200,94021
8600000US94022,ZCTA5 94022,14806,360,734,1557,12155,94022
8600000US94024,ZCTA5 94024,17470,289,691,2156,14334,94024
8600000US94025,ZCTA5 94025,32406,2190,3311,5626,21279,94025
8600000US94027,ZCTA5 94027,5752,123,422,941,4266,94027
8600000US94028,ZCTA5 94028,5458,191,464,620,4183,94028
8600000US94030,ZCTA5 94030,18300,1284,3100,4721,9195,94030
8600000US94037,ZCTA5 94037,2289,0,557,553,1179,94037
8600000US94038,ZCTA5 94038,2460,166,405,553,1336,94038
8600000US94040,ZCTA5 94040,28383,2075,2656,4345,19307,94040
8600000US94041,ZCTA5 94041,12149,886,1397,1883,7983,94041
8600000US94043,ZCTA5 94043,25208,1626,2478,4349,16755,94043
8600000US94044,ZCTA5 94044,31508,1337,5920,10536,13715,94044
8600000US94060,ZCTA5 94060,777,219,159,44,355,94060
8600000US94061,ZCTA5 94061,30713,4123,5197,7653,13740,94061
8600000US94062,ZCTA5 94062,22484,988,2474,4727,14295,94062
8600000US94063,ZCTA5 94063,26396,6697,6192,5950,7557,94063
8600000US94065,ZCTA5 94065,9649,256,889,1332,7172,94065
8600000US94066,ZCTA5 94066,35104,3823,5608,11138,14535,94066
8600000US94070,ZCTA5 94070,23386,653,2262,4850,15621,94070
8600000US94074,ZCTA5 94074,145,0,62,59,24,94074
8600000US94080,ZCTA5 94080,55142,7244,11970,17446,18482,94080
8600000US94085,ZCTA5 94085,18856,2751,2674,3639,9792,94085
8600000US94086,ZCTA5 94086,40442,3029,3766,6809,26838,94086
8600000US94087,ZCTA5 94087,42597,1279,3806,7652,29860,94087
8600000US94089,ZCTA5 94089,19166,2260,2982,4476,9448,94089
8600000US94102,ZCTA5 94102,28410,4428,4587,5829,13566,94102
8600000US94103,ZCTA5 94103,27970,2702,4372,6282,14614,94103
8600000US94104,ZCTA5 94104,375,115,66,60,134,94104
8600000US94105,ZCTA5 94105,9882,185,597,1017,8083,94105
8600000US94107,ZCTA5 94107,27920,2364,2502,4117,18937,94107
8600000US94108,ZCTA5 94108,12972,3118,1634,2017,6203,94108
8600000US94109,ZCTA5 94109,53922,4421,5352,8730,35419,94109
8600000US94110,ZCTA5 94110,61507,7500,7143,11468,35396,94110
8600000US94111,ZCTA5 94111,3314,218,296,387,2413,94111
8600000US94112,ZCTA5 94112,70702,14709,15263,18706,22024,94112
8600000US94114,ZCTA5 94114,30968,731,1487,4822,23928,94114
8600000US94115,ZCTA5 94115,30368,1686,3158,4286,21238,94115
8600000US94116,ZCTA5 94116,39743,4330,5569,8851,20993,94116
8600000US94117,ZCTA5 94117,40084,1191,3424,6693,28776,94117
8600000US94118,ZCTA5 94118,36178,2718,2663,6033,24764,94118
8600000US94121,ZCTA5 94121,37177,3436,4193,8397,21151,94121
8600000US94122,ZCTA5 94122,53344,4671,5767,11090,31816,94122
8600000US94123,ZCTA5 94123,23245,475,1042,2006,19722,94123
8600000US94124,ZCTA5 94124,27694,6284,6568,7756,7086,94124
8600000US94127,ZCTA5 94127,16950,787,1325,3812,11026,94127
8600000US94128,ZCTA5 94128,146,14,46,66,20,94128
8600000US94129,ZCTA5 94129,3261,86,188,428,2559,94129
8600000US94130,ZCTA5 94130,2646,299,912,808,627,94130
8600000US94131,ZCTA5 94131,24835,947,1815,4265,17808,94131
8600000US94132,ZCTA5 94132,27724,2072,4304,9913,11435,94132
8600000US94133,ZCTA5 94133,24190,5933,2868,3635,11754,94133
8600000US94134,ZCTA5 94134,34706,7461,8458,10298,8489,94134
8600000US94158,ZCTA5 94158,7328,358,447,1117,5406,94158
8600000US94301,ZCTA5 94301,13223,361,709,1496,10657,94301
8600000US94303,ZCTA5 94303,34928,7279,5988,6302,15359,94303
8600000US94304,ZCTA5 94304,3131,98,74,349,2610,94304
8600000US94305,ZCTA5 94305,15364,113,2847,4535,7869,94305
8600000US94306,ZCTA5 94306,21152,779,983,3058,16332,94306
8600000US94401,ZCTA5 94401,28288,5446,4668,7335,10839,94401
8600000US94402,ZCTA5 94402,19824,897,2558,3976,12393,94402
8600000US94403,ZCTA5 94403,35323,2254,4869,8433,19767,94403
8600000US94404,ZCTA5 94404,29185,1133,2501,5864,19687,94404
8600000US94501,ZCTA5 94501,51287,5185,7034,13142,25926,94501
8600000US94502,ZCTA5 94502,11279,606,1067,2606,7000,94502
8600000US94503,ZCTA5 94503,15079,2177,2974,5808,4120,94503
8600000US94505,ZCTA5 94505,12630,582,2945,5475,3628,94505
8600000US94506,ZCTA5 94506,18262,665,1641,3701,12255,94506
8600000US94507,ZCTA5 94507,11661,319,755,2368,8219,94507
8600000US94508,ZCTA5 94508,3457,268,449,1709,1031,94508
8600000US94509,ZCTA5 94509,50899,8349,14765,20127,7658,94509
8600000US94510,ZCTA5 94510,22698,761,4235,8151,9551,94510
8600000US94511,ZCTA5 94511,1814,418,423,797,176,94511
8600000US94512,ZCTA5 94512,16,0,0,16,0,94512
8600000US94513,ZCTA5 94513,47526,3700,10438,19342,14046,94513
8600000US94514,ZCTA5 94514,1090,136,341,380,233,94514
8600000US94515,ZCTA5 94515,6184,892,1075,2038,2179,94515
8600000US94516,ZCTA5 94516,95,3,9,15,68,94516
8600000US94517,ZCTA5 94517,10639,391,1447,3494,5307,94517
8600000US94518,ZCTA5 94518,23440,2164,4152,7867,9257,94518
8600000US94519,ZCTA5 94519,15728,1337,3573,5750,5068,94519
8600000US94520,ZCTA5 94520,30085,5802,6765,10410,7108,94520
8600000US94521,ZCTA5 94521,34685,2128,6266,12495,13796,94521
8600000US94523,ZCTA5 94523,28340,1069,3524,9269,14478,94523
8600000US94525,ZCTA5 94525,2772,119,541,1032,1080,94525
8600000US94526,ZCTA5 94526,25410,705,2534,5988,16183,94526
8600000US94528,ZCTA5 94528,384,0,21,56,307,94528
8600000US94530,ZCTA5 94530,21493,1128,2367,4945,13053,94530
8600000US94531,ZCTA5 94531,32659,3346,7891,13151,8271,94531
8600000US94533,ZCTA5 94533,56635,9279,15508,20785,11063,94533
8600000US94534,ZCTA5 94534,30356,1669,5620,11751,11316,94534
8600000US94535,ZCTA5 94535,2302,52,421,1042,787,94535
8600000US94536,ZCTA5 94536,57498,4082,11839,13712,27865,94536
8600000US94538,ZCTA5 94538,54255,4344,12570,12640,24701,94538
8600000US94539,ZCTA5 94539,41692,1844,3877,6712,29259,94539
8600000US94541,ZCTA5 94541,51280,8670,13690,15290,13630,94541
8600000US94542,ZCTA5 94542,12369,1044,2057,4137,5131,94542
8600000US94544,ZCTA5 94544,61122,11042,20070,17724,12286,94544
8600000US94545,ZCTA5 94545,26498,3799,7205,8398,7096,94545
8600000US94546,ZCTA5 94546,34982,2810,7338,10819,14015,94546
8600000US94547,ZCTA5 94547,20615,1528,3275,7399,8413,94547
8600000US94548,ZCTA5 94548,249,0,38,169,42,94548
8600000US94549,ZCTA5 94549,22459,668,1452,4895,15444,94549
8600000US94550,ZCTA5 94550,38904,2038,6757,12494,17615,94550
8600000US94551,ZCTA5 94551,35397,3025,6433,11570,14369,94551
8600000US94552,ZCTA5 94552,11689,680,1314,2932,6763,94552
8600000US94553,ZCTA5 94553,39656,2526,8215,14554,14361,94553
8600000US94555,ZCTA5 94555,28395,1656,4344,6116,16279,94555
8600000US94556,ZCTA5 94556,12642,189,1113,2944,8396,94556
8600000US94558,ZCTA5 94558,53700,7712,10751,17631,17606,94558
8600000US94559,ZCTA5 94559,21629,3327,4481,7365,6456,94559
8600000US94560,ZCTA5 94560,37156,3762,11300,10549,11545,94560
8600000US94561,ZCTA5 94561,30213,3724,8496,12662,5331,94561
8600000US94563,ZCTA5 94563,15086,469,507,2128,11982,94563
8600000US94564,ZCTA5 94564,15945,1635,2974,6589,4747,94564
8600000US94565,ZCTA5 94565,72728,15970,19719,24555,12484,94565
8600000US94566,ZCTA5 94566,35113,1634,4008,8344,21127,94566
8600000US94567,ZCTA5 94567,493,55,126,170,142,94567
8600000US94568,ZCTA5 94568,41139,2032,4865,8544,25698,94568
8600000US94569,ZCTA5 94569,180,32,0,84,64,94569
8600000US94571,ZCTA5 94571,9522,930,2085,3511,2996,94571
8600000US94572,ZCTA5 94572,8057,1192,2015,3026,1824,94572
8600000US94573,ZCTA5 94573,29,0,0,17,12,94573
8600000US94574,ZCTA5 94574,7386,823,1271,1804,3488,94574
8600000US94575,ZCTA5 94575,1178,4,472,654,48,94575
8600000US94576,ZCTA5 94576,105,25,28,26,26,94576
8600000US94577,ZCTA5 94577,38720,5997,8700,11579,12444,94577
8600000US94578,ZCTA5 94578,32375,6359,8286,9875,7855,94578
8600000US94579,ZCTA5 94579,18020,3100,4817,4928,5175,94579
8600000US94580,ZCTA5 94580,23850,4013,6458,7587,5792,94580
8600000US94582,ZCTA5 94582,29424,884,2439,5223,20878,94582
8600000US94583,ZCTA5 94583,26154,1308,2843,5934,16069,94583
8600000US94585,ZCTA5 94585,22514,2378,6037,9791,4308,94585
8600000US94586,ZCTA5 94586,688,43,113,219,313,94586
8600000US94587,ZCTA5 94587,60636,5645,15256,16686,23049,94587
8600000US94588,ZCTA5 94588,27696,1037,2938,5891,17830,94588
8600000US94589,ZCTA5 94589,23922,3572,7226,8397,4727,94589
8600000US94590,ZCTA5 94590,29360,4843,8391,10457,5669,94590
8600000US94591,ZCTA5 94591,44994,3693,10984,17923,12394,94591
8600000US94592,ZCTA5 94592,810,41,70,216,483,94592
8600000US94595,ZCTA5 94595,16007,317,1662,3953,10075,94595
8600000US94596,ZCTA5 94596,18117,512,1763,4008,11834,94596
8600000US94597,ZCTA5 94597,18833,542,1653,4452,12186,94597
8600000US94598,ZCTA5 94598,21768,690,1658,4460,14960,94598
8600000US94599,ZCTA5 94599,2882,185,544,1003,1150,94599
8600000US94601,ZCTA5 94601,39900,12738,8528,10437,8197,94601
8600000US94602,ZCTA5 94602,24149,3354,3246,5810,11739,94602
8600000US94603,ZCTA5 94603,25700,7840,8339,6490,3031,94603
8600000US94605,ZCTA5 94605,34239,4799,7036,11018,11386,94605
8600000US94606,ZCTA5 94606,32021,7126,5827,7828,11240,94606
8600000US94607,ZCTA5 94607,22659,3588,3780,5926,9365,94607
8600000US94608,ZCTA5 94608,27327,1571,3318,6715,15723,94608
8600000US94609,ZCTA5 94609,20288,1819,3112,4026,11331,94609
8600000US94610,ZCTA5 94610,27424,1287,2452,4736,18949,94610
8600000US94611,ZCTA5 94611,32082,1103,2231,5619,23129,94611
8600000US94612,ZCTA5 94612,14566,2122,1387,3265,7792,94612
8600000US94613,ZCTA5 94613,821,0,215,544,62,94613
8600000US94618,ZCTA5 94618,13974,444,778,1928,10824,94618
8600000US94619,ZCTA5 94619,19191,1991,2916,5265,9019,94619
8600000US94621,ZCTA5 94621,24047,9327,5889,6482,2349,94621
8600000US94702,ZCTA5 94702,13887,831,1401,3182,8473,94702
8600000US94703,ZCTA5 94703,17986,857,1328,3734,12067,94703
8600000US94704,ZCTA5 94704,28654,574,5875,13335,8870,94704
8600000US94705,ZCTA5 94705,11755,225,746,1626,9158,94705
8600000US94706,ZCTA5 94706,15713,912,1123,2665,11013,94706
8600000US94707,ZCTA5 94707,9693,185,382,1003,8123,94707
8600000US94708,ZCTA5 94708,9326,120,349,989,7868,94708
8600000US94709,ZCTA5 94709,10899,221,942,2514,7222,94709
8600000US94710,ZCTA5 94710,6303,412,738,1766,3387,94710
8600000US94720,ZCTA5 94720,2701,7,977,1297,420,94720
8600000US94801,ZCTA5 94801,23031,7446,5597,6290,3698,94801
8600000US94803,ZCTA5 94803,21289,2122,4099,7240,7828,94803
8600000US94804,ZCTA5 94804,31522,6059,8134,9357,7972,94804
8600000US94805,ZCTA5 94805,11657,1613,2071,3876,4097,94805
8600000US94806,ZCTA5 94806,49953,11889,13019,16826,8219,94806
8600000US94850,ZCTA5 94850,0,0,0,0,0,94850
8600000US94901,ZCTA5 94901,31833,5595,4127,7644,14467,94901
8600000US94903,ZCTA5 94903,24500,1752,3085,6036,13627,94903
8600000US94904,ZCTA5 94904,10052,420,790,2001,6841,94904
8600000US94920,ZCTA5 94920,10033,182,655,1524,7672,94920
8600000US94922,ZCTA5 94922,777,41,224,224,288,94922
8600000US94923,ZCTA5 94923,808,15,68,270,455,94923
8600000US94924,ZCTA5 94924,1022,7,114,320,581,94924
8600000US94925,ZCTA5 94925,7337,108,714,1769,4746,94925
8600000US94928,ZCTA5 94928,35830,2832,8517,15117,9364,94928
8600000US94929,ZCTA5 94929,167,0,9,72,86,94929
8600000US94930,ZCTA5 94930,7202,354,853,1847,4148,94930
8600000US94931,ZCTA5 94931,6800,581,1574,2617,2028,94931
8600000US94933,ZCTA5 94933,602,58,70,192,282,94933
8600000US94937,ZCTA5 94937,695,82,123,119,371,94937
8600000US94938,ZCTA5 94938,779,0,137,256,386,94938
8600000US94939,ZCTA5 94939,5585,101,405,958,4121,94939
8600000US94940,ZCTA5 94940,279,0,47,103,129,94940
8600000US94941,ZCTA5 94941,24840,573,1785,4561,17921,94941
8600000US94945,ZCTA5 94945,15546,1504,2348,4949,6745,94945
8600000US94946,ZCTA5 94946,556,41,54,147,314,94946
8600000US94947,ZCTA5 94947,21021,1386,3590,6763,9282,94947
8600000US94949,ZCTA5 94949,15099,745,2764,4624,6966,94949
8600000US94950,ZCTA5 94950,112,0,0,48,64,94950
8600000US94951,ZCTA5 94951,3714,383,501,1312,1518,94951
8600000US94952,ZCTA5 94952,28429,2646,4475,9800,11508,94952
8600000US94954,ZCTA5 94954,30454,2961,6514,10991,9988,94954
8600000US94956,ZCTA5 94956,1022,52,106,298,566,94956
8600000US94957,ZCTA5 94957,914,76,4,175,659,94957
8600000US94960,ZCTA5 94960,12290,494,833,2473,8490,94960
8600000US94963,ZCTA5 94963,278,20,62,6,190,94963
8600000US94964,ZCTA5 94964,3155,1211,848,864,232,94964
8600000US94965,ZCTA5 94965,9703,276,854,2578,5995,94965
8600000US94970,ZCTA5 94970,679,7,100,146,426,94970
8600000US94971,ZCTA5 94971,226,0,22,45,159,94971
8600000US94972,ZCTA5 94972,25,13,0,12,0,94972
8600000US94973,ZCTA5 94973,1100,58,136,305,601,94973
8600000US95002,ZCTA5 95002,1776,419,514,468,375,95002
8600000US95003,ZCTA5 95003,20766,980,2558,6531,10697,95003
8600000US95004,ZCTA5 95004,3014,303,548,1273,890,95004
8600000US95005,ZCTA5 95005,6232,249,975,2726,2282,95005
8600000US95006,ZCTA5 95006,8023,314,1137,3681,2891,95006
8600000US95007,ZCTA5 95007,344,78,168,76,22,95007
8600000US95008,ZCTA5 95008,36646,2149,5830,10109,18558,95008
8600000US95010,ZCTA5 95010,7144,701,1109,2859,2475,95010
8600000US95012,ZCTA5 95012,7003,3388,1548,1433,634,95012
8600000US95013,ZCTA5 95013,66,0,33,15,18,95013
8600000US95014,ZCTA5 95014,46035,1495,3295,6893,34352,95014
8600000US95017,ZCTA5 95017,561,62,118,182,199,95017
8600000US95018,ZCTA5 95018,5654,324,660,1845,2825,95018
8600000US95019,ZCTA5 95019,5383,2395,1100,1507,381,95019
8600000US95020,ZCTA5 95020,46787,8957,10000,16050,11780,95020
8600000US95023,ZCTA5 95023,39279,7612,10450,14662,6555,95023
8600000US95030,ZCTA5 95030,10510,226,814,1723,7747,95030
8600000US95032,ZCTA5 95032,19909,744,1991,4115,13059,95032
8600000US95033,ZCTA5 95033,7712,183,931,1715,4883,95033
8600000US95035,ZCTA5 95035,62484,7022,10477,14735,30250,95035
8600000US95037,ZCTA5 95037,38840,3437,7030,12751,15622,95037
8600000US95039,ZCTA5 95039,753,331,186,185,51,95039
8600000US95041,ZCTA5 95041,258,69,53,71,65,95041
8600000US95043,ZCTA5 95043,614,113,172,177,152,95043
8600000US95045,ZCTA5 95045,3270,521,752,1133,864,95045
8600000US95046,ZCTA5 95046,4681,866,1177,1580,1058,95046
8600000US95050,ZCTA5 95050,31119,2553,6043,8531,13992,95050
8600000US95051,ZCTA5 95051,47440,3300,5879,9529,28732,95051
8600000US95053,ZCTA5 95053,3819,0,1470,2269,80,95053
8600000US95054,ZCTA5 95054,19368,1199,2140,3707,12322,95054
8600000US95060,ZCTA5 95060,40802,2324,6003,13925,18550,95060
8600000US95062,ZCTA5 95062,30767,2884,5422,10655,11806,95062
8600000US95064,ZCTA5 95064,10075,25,1722,7591,737,95064
8600000US95065,ZCTA5 95065,6704,455,879,2452,2918,95065
8600000US95066,ZCTA5 95066,12462,433,1863,4170,5996,95066
8600000US95070,ZCTA5 95070,24764,734,1826,3609,18595,95070
8600000US95073,ZCTA5 95073,8952,664,1372,3535,3381,95073
8600000US95075,ZCTA5 95075,311,18,74,149,70,95075
8600000US95076,ZCTA5 95076,63197,19123,15304,17891,10879,95076
8600000US95110,ZCTA5 95110,15659,3621,3064,3421,5553,95110
8600000US95111,ZCTA5 95111,45686,12203,10947,13878,8658,95111
8600000US95112,ZCTA5 95112,51928,8743,10627,16635,15923,95112
8600000US95113,ZCTA5 95113,2059,100,99,436,1424,95113
8600000US95116,ZCTA5 95116,40966,13164,10819,10694,6289,95116
8600000US95117,ZCTA5 95117,23676,2639,4539,6942,9556,95117
8600000US95118,ZCTA5 95118,24021,1653,4119,6715,11534,95118
8600000US95119,ZCTA5 95119,7597,429,1256,2923,2989,95119
8600000US95120,ZCTA5 95120,28692,994,2127,5760,19811,95120
8600000US95121,ZCTA5 95121,29793,6084,5717,9175,8817,95121
8600000US95122,ZCTA5 95122,41765,13806,10584,11218,6157,95122
8600000US95123,ZCTA5 95123,52915,4711,9282,16798,22124,95123
8600000US95124,ZCTA5 95124,38297,2377,5613,10497,19810,95124
8600000US95125,ZCTA5 95125,41448,3354,5468,10826,21800,95125
8600000US95126,ZCTA5 95126,29539,3181,4143,7368,14847,95126
8600000US95127,ZCTA5 95127,50958,11853,13589,14758,10758,95127
8600000US95128,ZCTA5 95128,29654,4188,5845,7417,12204,95128
8600000US95129,ZCTA5 95129,30478,989,3072,5657,20760,95129
8600000US95130,ZCTA5 95130,10971,729,1385,2624,6233,95130
8600000US95131,ZCTA5 95131,25584,3169,3452,5751,13212,95131
8600000US95132,ZCTA5 95132,33702,4430,5493,8894,14885,95132
8600000US95133,ZCTA5 95133,22639,4517,4573,5769,7780,95133
8600000US95134,ZCTA5 95134,24985,1081,2180,3097,18627,95134
8600000US95135,ZCTA5 95135,16973,1057,1801,4152,9963,95135
8600000US95136,ZCTA5 95136,36337,3590,5903,10906,15938,95136
8600000US95138,ZCTA5 95138,15729,1469,1889,3546,8825,95138
8600000US95139,ZCTA5 95139,5623,641,955,1819,2208,95139
8600000US95140,ZCTA5 95140,102,0,31,18,53,95140
8600000US95148,ZCTA5 95148,37762,5710,6545,11552,13955,95148
8600000US95202,ZCTA5 95202,4576,1737,1276,1079,484,95202
8600000US95203,ZCTA5 95203,11681,3267,3889,2951,1574,95203
8600000US95204,ZCTA5 95204,22295,3776,6936,7559,4024,95204
8600000US95205,ZCTA5 95205,26513,9771,10441,5129,1172,95205
8600000US95206,ZCTA5 95206,44059,14068,14929,11027,4035,95206
8600000US95207,ZCTA5 95207,38629,6337,10941,14333,7018,95207
8600000US95209,ZCTA5 95209,32534,4101,8532,13154,6747,95209
8600000US95210,ZCTA5 95210,29415,7532,8965,9932,2986,95210
8600000US95211,ZCTA5 95211,1609,0,8,1564,37,95211
8600000US95212,ZCTA5 95212,21146,4565,5192,6328,5061,95212
8600000US95215,ZCTA5 95215,18204,6868,5971,4205,1160,95215
8600000US95219,ZCTA5 95219,21638,1576,4733,7373,7956,95219
8600000US95220,ZCTA5 95220,5938,1247,1883,1818,990,95220
8600000US95222,ZCTA5 95222,4391,326,1127,2018,920,95222
8600000US95223,ZCTA5 95223,2413,190,597,929,697,95223
8600000US95224,ZCTA5 95224,142,8,16,27,91,95224
8600000US95225,ZCTA5 95225,279,20,152,93,14,95225
8600000US95226,ZCTA5 95226,0,0,0,0,0,95226
8600000US95227,ZCTA5 95227,517,115,79,134,189,95227
8600000US95228,ZCTA5 95228,3719,380,1060,1582,697,95228
8600000US95230,ZCTA5 95230,524,101,201,169,53,95230
8600000US95231,ZCTA5 95231,4335,1838,1426,825,246,95231
8600000US95232,ZCTA5 95232,161,0,42,53,66,95232
8600000US95233,ZCTA5 95233,427,13,132,197,85,95233
8600000US95234,ZCTA5 95234,0,0,0,0,0,95234
8600000US95236,ZCTA5 95236,3270,434,1048,1273,515,95236
8600000US95237,ZCTA5 95237,2544,459,715,967,403,95237
8600000US95240,ZCTA5 95240,34815,8456,9921,11481,4957,95240
8600000US95242,ZCTA5 95242,20130,1936,5664,7735,4795,95242
8600000US95245,ZCTA5 95245,1534,142,475,618,299,95245
8600000US95246,ZCTA5 95246,1118,102,266,449,301,95246
8600000US95247,ZCTA5 95247,3328,314,622,1460,932,95247
8600000US95248,ZCTA5 95248,94,0,29,47,18,95248
8600000US95249,ZCTA5 95249,4058,630,1136,1888,404,95249
8600000US95251,ZCTA5 95251,590,0,126,361,103,95251
8600000US95252,ZCTA5 95252,13043,1376,4095,5973,1599,95252
8600000US95254,ZCTA5 95254,966,135,121,490,220,95254
8600000US95255,ZCTA5 95255,1116,74,463,485,94,95255
8600000US95257,ZCTA5 95257,354,61,108,161,24,95257
8600000US95258,ZCTA5 95258,2930,411,650,986,883,95258
8600000US95301,ZCTA5 95301,28199,6591,7296,10163,4149,95301
8600000US95303,ZCTA5 95303,847,233,187,244,183,95303
8600000US95304,ZCTA5 95304,11214,2647,3208,3597,1762,95304
8600000US95305,ZCTA5 95305,0,0,0,0,0,95305
8600000US95306,ZCTA5 95306,577,25,149,276,127,95306
8600000US95307,ZCTA5 95307,32086,8042,10868,10593,2583,95307
8600000US95310,ZCTA5 95310,1482,195,446,621,220,95310
8600000US95311,ZCTA5 95311,1703,147,545,764,247,95311
8600000US95312,ZCTA5 95312,170,37,37,65,31,95312
8600000US95313,ZCTA5 95313,977,227,263,370,117,95313
8600000US95314,ZCTA5 95314,95,0,9,86,0,95314
8600000US95315,ZCTA5 95315,10106,3803,2485,2993,825,95315
8600000US95316,ZCTA5 95316,5203,855,1748,1824,776,95316
8600000US95317,ZCTA5 95317,811,324,201,224,62,95317
8600000US95318,ZCTA5 95318,152,4,28,80,40,95318
8600000US95319,ZCTA5 95319,1460,459,435,504,62,95319
8600000US95320,ZCTA5 95320,9448,1289,2687,3846,1626,95320
8600000US95321,ZCTA5 95321,3200,270,866,1244,820,95321
8600000US95322,ZCTA5 95322,7496,1937,2372,2297,890,95322
8600000US95323,ZCTA5 95323,955,177,325,326,127,95323
8600000US95324,ZCTA5 95324,6103,1558,1955,1748,842,95324
8600000US95325,ZCTA5 95325,78,0,40,38,0,95325
8600000US95326,ZCTA5 95326,7348,1015,2034,2702,1597,95326
8600000US95327,ZCTA5 95327,7057,1417,2197,2830,613,95327
8600000US95328,ZCTA5 95328,2957,857,903,1018,179,95328
8600000US95329,ZCTA5 95329,2061,246,623,865,327,95329
8600000US95330,ZCTA5 95330,16446,2997,4745,5979,2725,95330
8600000US95333,ZCTA5 95333,1880,639,452,563,226,95333
8600000US95334,ZCTA5 95334,11790,4611,2392,3602,1185,95334
8600000US95335,ZCTA5 95335,153,0,102,51,0,95335
8600000US95336,ZCTA5 95336,35826,5902,12484,12758,4682,95336
8600000US95337,ZCTA5 95337,28463,4016,8515,10703,5229,95337
8600000US95338,ZCTA5 95338,8793,821,2095,3709,2168,95338
8600000US95340,ZCTA5 95340,27205,3823,5527,12302,5553,95340
8600000US95341,ZCTA5 95341,21083,7974,5257,6308,1544,95341
8600000US95345,ZCTA5 95345,654,3,177,341,133,95345
8600000US95346,ZCTA5 95346,1099,85,185,737,92,95346
8600000US95348,ZCTA5 95348,25224,4827,6275,10348,3774,95348
8600000US95350,ZCTA5 95350,41159,6332,12889,15358,6580,95350
8600000US95351,ZCTA5 95351,33286,11952,10354,8707,2273,95351
8600000US95354,ZCTA5 95354,18401,3834,5857,6103,2607,95354
8600000US95355,ZCTA5 95355,45777,4744,12766,18724,9543,95355
8600000US95356,ZCTA5 95356,24785,2655,6672,9450,6008,95356
8600000US95357,ZCTA5 95357,8683,1904,2362,3079,1338,95357
8600000US95358,ZCTA5 95358,22494,6188,7637,6381,2288,95358
8600000US95360,ZCTA5 95360,9353,1997,3190,3227,939,95360
8600000US95361,ZCTA5 95361,26065,3406,7822,9794,5043,95361
8600000US95363,ZCTA5 95363,19880,4774,7360,5813,1933,95363
8600000US95364,ZCTA5 95364,0,0,0,0,0,95364
8600000US95365,ZCTA5 95365,3278,1722,646,714,196,95365
8600000US95366,ZCTA5 95366,13290,1315,3811,5320,2844,95366
8600000US95367,ZCTA5 95367,17962,4357,5594,5607,2404,95367
8600000US95368,ZCTA5 95368,10201,1775,3493,3635,1298,95368
8600000US95369,ZCTA5 95369,781,233,151,227,170,95369
8600000US95370,ZCTA5 95370,23112,2013,6687,9557,4855,95370
8600000US95372,ZCTA5 95372,1493,40,608,592,253,95372
8600000US95374,ZCTA5 95374,1321,503,400,344,74,95374
8600000US95375,ZCTA5 95375,5,0,3,2,0,95375
8600000US95376,ZCTA5 95376,40096,6718,12574,14566,6238,95376
8600000US95377,ZCTA5 95377,23374,2280,4709,10121,6264,95377
8600000US95379,ZCTA5 95379,3126,229,1007,1293,597,95379
8600000US95380,ZCTA5 95380,30852,7273,9282,10093,4204,95380
8600000US95382,ZCTA5 95382,28976,3574,6326,10334,8742,95382
8600000US95383,ZCTA5 95383,3117,207,659,1290,961,95383
8600000US95385,ZCTA5 95385,340,71,125,144,0,95385
8600000US95386,ZCTA5 95386,7414,2089,2635,2101,589,95386
8600000US95387,ZCTA5 95387,401,177,137,87,0,95387
8600000US95388,ZCTA5 95388,9609,3873,2701,2310,725,95388
8600000US95389,ZCTA5 95389,1352,214,256,578,304,95389
8600000US95391,ZCTA5 95391,12383,907,2102,4306,5068,95391
8600000US95401,ZCTA5 95401,30786,4025,6667,12629,7465,95401
8600000US95403,ZCTA5 95403,35336,5225,7610,14114,8387,95403
8600000US95404,ZCTA5 95404,32325,2945,5390,10941,13049,95404
8600000US95405,ZCTA5 95405,17350,1314,2668,5665,7703,95405
8600000US95407,ZCTA5 95407,31151,8017,9441,9782,3911,95407
8600000US95409,ZCTA5 95409,22605,1381,3650,7886,9688,95409
8600000US95410,ZCTA5 95410,887,27,186,320,354,95410
8600000US95412,ZCTA5 95412,356,48,130,98,80,95412
8600000US95415,ZCTA5 95415,1116,245,264,440,167,95415
8600000US95417,ZCTA5 95417,318,43,142,75,58,95417
8600000US95420,ZCTA5 95420,384,45,83,120,136,95420
8600000US95421,ZCTA5 95421,1582,116,268,653,545,95421
8600000US95422,ZCTA5 95422,11579,2309,4296,4121,853,95422
8600000US95423,ZCTA5 95423,3170,439,1063,1177,491,95423
8600000US95425,ZCTA5 95425,8443,1225,1770,3093,2355,95425
8600000US95426,ZCTA5 95426,1210,91,262,659,198,95426
8600000US95427,ZCTA5 95427,208,52,7,130,19,95427
8600000US95428,ZCTA5 95428,1927,379,527,694,327,95428
8600000US95429,ZCTA5 95429,116,0,59,41,16,95429
8600000US95430,ZCTA5 95430,7,0,7,0,0,95430
8600000US95431,ZCTA5 95431,158,86,27,27,18,95431
8600000US95432,ZCTA5 95432,625,16,116,268,225,95432
8600000US95435,ZCTA5 95435,205,0,64,141,0,95435
8600000US95436,ZCTA5 95436,5251,230,1035,2011,1975,95436
8600000US95437,ZCTA5 95437,11776,1610,3259,4204,2703,95437
8600000US95439,ZCTA5 95439,523,140,163,84,136,95439
8600000US95441,ZCTA5 95441,1507,284,356,420,447,95441
8600000US95442,ZCTA5 95442,2569,20,136,970,1443,95442
8600000US95443,ZCTA5 95443,133,0,54,60,19,95443
8600000US95444,ZCTA5 95444,626,57,101,293,175,95444
8600000US95445,ZCTA5 95445,1941,201,197,888,655,95445
8600000US95446,ZCTA5 95446,4614,353,836,1758,1667,95446
8600000US95448,ZCTA5 95448,14770,1467,2745,4614,5944,95448
8600000US95449,ZCTA5 95449,1238,219,332,419,268,95449
8600000US95450,ZCTA5 95450,208,0,56,54,98,95450
8600000US95451,ZCTA5 95451,9262,1127,2656,3949,1530,95451
8600000US95452,ZCTA5 95452,843,0,234,111,498,95452
8600000US95453,ZCTA5 95453,9186,1219,2571,3460,1936,95453
8600000US95454,ZCTA5 95454,1800,198,528,689,385,95454
8600000US95456,ZCTA5 95456,741,21,125,368,227,95456
8600000US95457,ZCTA5 95457,2581,344,733,1252,252,95457
8600000US95458,ZCTA5 95458,2482,480,696,876,430,95458
8600000US95459,ZCTA5 95459,472,84,132,138,118,95459
8600000US95460,ZCTA5 95460,2265,85,327,793,1060,95460
8600000US95461,ZCTA5 95461,2111,382,547,866,316,95461
8600000US95462,ZCTA5 95462,949,87,205,370,287,95462
8600000US95463,ZCTA5 95463,136,20,0,18,98,95463
8600000US95464,ZCTA5 95464,1899,150,644,922,183,95464
8600000US95465,ZCTA5 95465,1908,124,347,549,888,95465
8600000US95466,ZCTA5 95466,761,117,195,254,195,95466
8600000US95467,ZCTA5 95467,4203,341,1124,1997,741,95467
8600000US95468,ZCTA5 95468,972,178,281,370,143,95468
8600000US95469,ZCTA5 95469,1470,98,395,570,407,95469
8600000US95470,ZCTA5 95470,4352,373,1465,1780,734,95470
8600000US95471,ZCTA5 95471,391,0,73,273,45,95471
8600000US95472,ZCTA5 95472,26420,1704,4488,8664,11564,95472
8600000US95476,ZCTA5 95476,30004,3495,5702,9881,10926,95476
8600000US95482,ZCTA5 95482,23868,3983,6279,8793,4813,95482
8600000US95485,ZCTA5 95485,2279,179,926,812,362,95485
8600000US95486,ZCTA5 95486,51,0,35,16,0,95486
8600000US95488,ZCTA5 95488,145,0,8,56,81,95488
8600000US95490,ZCTA5 95490,10174,1179,2938,4039,2018,95490
8600000US95492,ZCTA5 95492,22295,2731,4771,8402,6391,95492
8600000US95493,ZCTA5 95493,377,118,85,163,11,95493
8600000US95494,ZCTA5 95494,155,5,21,62,67,95494
8600000US95497,ZCTA5 95497,1028,58,51,223,696,95497
8600000US95501,ZCTA5 95501,19375,2010,4303,8083,4979,95501
8600000US95503,ZCTA5 95503,20297,2121,4701,8006,5469,95503
8600000US95511,ZCTA5 95511,232,12,74,129,17,95511
8600000US95514,ZCTA5 95514,105,0,44,59,2,95514
8600000US95519,ZCTA5 95519,15239,1028,3287,6345,4579,95519
8600000US95521,ZCTA5 95521,18611,1124,2381,8828,6278,95521
8600000US95524,ZCTA5 95524,1471,68,185,519,699,95524
8600000US95525,ZCTA5 95525,1266,77,294,515,380,95525
8600000US95526,ZCTA5 95526,186,12,69,86,19,95526
8600000US95527,ZCTA5 95527,473,37,219,97,120,95527
8600000US95528,ZCTA5 95528,1071,110,382,472,107,95528
8600000US95531,ZCTA5 95531,18490,3870,5932,6221,2467,95531
8600000US95536,ZCTA5 95536,2241,158,599,978,506,95536
8600000US95537,ZCTA5 95537,251,83,111,0,57,95537
8600000US95540,ZCTA5 95540,10822,1300,3077,4459,1986,95540
8600000US95542,ZCTA5 95542,1674,233,355,719,367,95542
8600000US95543,ZCTA5 95543,598,127,180,240,51,95543
8600000US95545,ZCTA5 95545,118,10,85,14,9,95545
8600000US95546,ZCTA5 95546,2435,265,834,992,344,95546
8600000US95547,ZCTA5 95547,890,36,236,464,154,95547
8600000US95548,ZCTA5 95548,1008,174,326,368,140,95548
8600000US95549,ZCTA5 95549,745,61,180,259,245,95549
8600000US95550,ZCTA5 95550,94,30,15,41,8,95550
8600000US95551,ZCTA5 95551,1100,62,276,414,348,95551
8600000US95552,ZCTA5 95552,621,41,275,233,72,95552
8600000US95553,ZCTA5 95553,681,68,263,264,86,95553
8600000US95554,ZCTA5 95554,452,96,228,126,2,95554
8600000US95555,ZCTA5 95555,350,72,93,156,29,95555
8600000US95556,ZCTA5 95556,398,39,177,95,87,95556
8600000US95558,ZCTA5 95558,339,20,97,124,98,95558
8600000US95559,ZCTA5 95559,70,14,14,21,21,95559
8600000US95560,ZCTA5 95560,1379,330,188,612,249,95560
8600000US95562,ZCTA5 95562,2428,248,791,1174,215,95562
8600000US95563,ZCTA5 95563,590,26,129,248,187,95563
8600000US95564,ZCTA5 95564,337,89,95,90,63,95564
8600000US95565,ZCTA5 95565,604,27,201,321,55,95565
8600000US95567,ZCTA5 95567,1479,178,522,491,288,95567
8600000US95568,ZCTA5 95568,257,29,65,111,52,95568
8600000US95569,ZCTA5 95569,371,89,97,143,42,95569
8600000US95570,ZCTA5 95570,1926,45,329,518,1034,95570
8600000US95571,ZCTA5 95571,238,0,112,70,56,95571
8600000US95573,ZCTA5 95573,1192,45,353,503,291,95573
8600000US95585,ZCTA5 95585,372,58,78,178,58,95585
8600000US95587,ZCTA5 95587,51,0,31,0,20,95587
8600000US95589,ZCTA5 95589,913,99,237,191,386,95589
8600000US95595,ZCTA5 95595,122,4,39,71,8,95595
8600000US95601,ZCTA5 95601,114,6,42,50,16,95601
8600000US95602,ZCTA5 95602,14915,693,3149,6196,4877,95602
8600000US95603,ZCTA5 95603,24009,1965,4978,9683,7383,95603
8600000US95604,ZCTA5 95604,85,0,12,0,73,95604
8600000US95605,ZCTA5 95605,10752,2466,3094,3614,1578,95605
8600000US95606,ZCTA5 95606,239,45,20,125,49,95606
8600000US95607,ZCTA5 95607,363,11,75,189,88,95607
8600000US95608,ZCTA5 95608,49864,3483,11544,18736,16101,95608
8600000US95610,ZCTA5 95610,36772,3662,9320,16460,7330,95610
8600000US95612,ZCTA5 95612,880,91,197,280,312,95612
8600000US95614,ZCTA5 95614,3568,64,846,1403,1255,95614
8600000US95615,ZCTA5 95615,514,111,171,106,126,95615
8600000US95616,ZCTA5 95616,46947,763,7026,19639,19519,95616
8600000US95618,ZCTA5 95618,21693,725,2132,6531,12305,95618
8600000US95619,ZCTA5 95619,4450,377,1383,1805,885,95619
8600000US95620,ZCTA5 95620,16354,3083,4544,5857,2870,95620
8600000US95621,ZCTA5 95621,33001,3129,9096,14736,6040,95621
8600000US95623,ZCTA5 95623,3212,118,818,1621,655,95623
8600000US95624,ZCTA5 95624,49460,5263,10433,19833,13931,95624
8600000US95625,ZCTA5 95625,74,0,23,51,0,95625
8600000US95626,ZCTA5 95626,4655,553,1596,1769,737,95626
8600000US95627,ZCTA5 95627,2606,467,659,975,505,95627
8600000US95628,ZCTA5 95628,33130,1928,5118,13168,12916,95628
8600000US95629,ZCTA5 95629,808,18,152,436,202,95629
8600000US95630,ZCTA5 95630,59244,3767,8776,18053,28648,95630
8600000US95631,ZCTA5 95631,5530,404,1743,2567,816,95631
8600000US95632,ZCTA5 95632,23899,4242,6766,8931,3960,95632
8600000US95633,ZCTA5 95633,2923,215,811,1310,587,95633
8600000US95634,ZCTA5 95634,2873,227,938,1301,407,95634
8600000US95635,ZCTA5 95635,977,137,422,345,73,95635
8600000US95636,ZCTA5 95636,984,18,118,607,241,95636
8600000US95637,ZCTA5 95637,206,44,44,73,45,95637
8600000US95638,ZCTA5 95638,1724,181,386,706,451,95638
8600000US95639,ZCTA5 95639,253,42,87,115,9,95639
8600000US95640,ZCTA5 95640,10052,1762,2894,4272,1124,95640
8600000US95641,ZCTA5 95641,1296,223,341,538,194,95641
8600000US95642,ZCTA5 95642,5987,495,1818,2354,1320,95642
8600000US95645,ZCTA5 95645,1387,606,318,299,164,95645
8600000US95646,ZCTA5 95646,72,13,26,5,28,95646
8600000US95648,ZCTA5 95648,41159,2867,9297,16400,12595,95648
8600000US95650,ZCTA5 95650,11567,647,2187,4570,4163,95650
8600000US95651,ZCTA5 95651,521,2,69,244,206,95651
8600000US95652,ZCTA5 95652,525,118,102,208,97,95652
8600000US95653,ZCTA5 95653,473,211,171,89,2,95653
8600000US95655,ZCTA5 95655,3108,193,557,1363,995,95655
8600000US95658,ZCTA5 95658,5482,135,947,2022,2378,95658
8600000US95659,ZCTA5 95659,748,135,203,297,113,95659
8600000US95660,ZCTA5 95660,25311,4471,9603,8822,2415,95660
8600000US95661,ZCTA5 95661,24706,1464,4743,8965,9534,95661
8600000US95662,ZCTA5 95662,25413,1706,6219,10366,7122,95662
8600000US95663,ZCTA5 95663,1920,138,344,740,698,95663
8600000US95664,ZCTA5 95664,1311,37,388,696,190,95664
8600000US95665,ZCTA5 95665,3617,223,1045,1573,776,95665
8600000US95666,ZCTA5 95666,4503,379,1246,2059,819,95666
8600000US95667,ZCTA5 95667,30205,2504,7833,11645,8223,95667
8600000US95668,ZCTA5 95668,508,62,125,234,87,95668
8600000US95669,ZCTA5 95669,1860,241,500,732,387,95669
8600000US95670,ZCTA5 95670,43127,4253,10424,16002,12448,95670
8600000US95672,ZCTA5 95672,4319,262,1038,1780,1239,95672
8600000US95673,ZCTA5 95673,12339,1518,5201,4088,1532,95673
8600000US95674,ZCTA5 95674,598,77,149,252,120,95674
8600000US95675,ZCTA5 95675,545,139,140,266,0,95675
8600000US95677,ZCTA5 95677,19665,1134,3854,7664,7013,95677
8600000US95678,ZCTA5 95678,32678,2350,6561,13056,10711,95678
8600000US95679,ZCTA5 95679,39,0,10,0,29,95679
8600000US95680,ZCTA5 95680,10,0,0,0,10,95680
8600000US95681,ZCTA5 95681,892,137,347,196,212,95681
8600000US95682,ZCTA5 95682,24319,1737,5212,10176,7194,95682
8600000US95683,ZCTA5 95683,5154,190,608,1958,2398,95683
8600000US95684,ZCTA5 95684,2737,158,890,1131,558,95684
8600000US95685,ZCTA5 95685,3731,234,1041,1553,903,95685
8600000US95686,ZCTA5 95686,830,271,349,182,28,95686
8600000US95687,ZCTA5 95687,54092,6207,14380,22872,10633,95687
8600000US95688,ZCTA5 95688,28563,2928,6793,11371,7471,95688
8600000US95689,ZCTA5 95689,1437,94,363,702,278,95689
8600000US95690,ZCTA5 95690,1676,516,386,382,392,95690
8600000US95691,ZCTA5 95691,28556,3578,6159,9815,9004,95691
8600000US95692,ZCTA5 95692,4199,475,1024,1912,788,95692
8600000US95693,ZCTA5 95693,5590,493,1324,2298,1475,95693
8600000US95694,ZCTA5 95694,7770,1445,1669,2622,2034,95694
8600000US95695,ZCTA5 95695,31454,5374,8533,9742,7805,95695
8600000US95697,ZCTA5 95697,169,56,50,44,19,95697
8600000US95698,ZCTA5 95698,148,45,47,38,18,95698
8600000US95699,ZCTA5 95699,21,0,0,0,21,95699
8600000US95701,ZCTA5 95701,790,22,160,355,253,95701
8600000US95703,ZCTA5 95703,794,71,192,348,183,95703
8600000US95709,ZCTA5 95709,4367,311,1195,1614,1247,95709
8600000US95713,ZCTA5 95713,8656,399,2432,3724,2101,95713
8600000US95714,ZCTA5 95714,450,32,73,215,130,95714
8600000US95715,ZCTA5 95715,71,16,7,17,31,95715
8600000US95717,ZCTA5 95717,156,19,24,91,22,95717
8600000US95720,ZCTA5 95720,79,5,17,38,19,95720
8600000US95721,ZCTA5 95721,0,0,0,0,0,95721
8600000US95722,ZCTA5 95722,4289,217,825,1715,1532,95722
8600000US95724,ZCTA5 95724,17,0,12,0,5,95724
8600000US95726,ZCTA5 95726,6914,456,1978,2526,1954,95726
8600000US95728,ZCTA5 95728,189,18,37,65,69,95728
8600000US95735,ZCTA5 95735,9,2,3,2,2,95735
8600000US95736,ZCTA5 95736,289,0,92,151,46,95736
8600000US95742,ZCTA5 95742,8686,391,1523,3223,3549,95742
8600000US95746,ZCTA5 95746,18084,703,2271,5590,9520,95746
8600000US95747,ZCTA5 95747,49847,2703,8189,18097,20858,95747
8600000US95757,ZCTA5 95757,36313,3740,5761,13035,13777,95757
8600000US95758,ZCTA5 95758,49463,5244,9481,18101,16637,95758
8600000US95762,ZCTA5 95762,31845,1301,4291,9545,16708,95762
8600000US95765,ZCTA5 95765,28353,923,3991,10420,13019,95765
8600000US95776,ZCTA5 95776,17839,3177,3948,6008,4706,95776
8600000US95811,ZCTA5 95811,5625,517,718,1427,2963,95811
8600000US95814,ZCTA5 95814,11139,1480,1827,3410,4422,95814
8600000US95815,ZCTA5 95815,18738,4486,5649,6069,2534,95815
8600000US95816,ZCTA5 95816,15689,735,1327,3835,9792,95816
8600000US95817,ZCTA5 95817,11732,1668,1876,4000,4188,95817
8600000US95818,ZCTA5 95818,17114,1095,1733,4787,9499,95818
8600000US95819,ZCTA5 95819,16131,297,2000,5268,8566,95819
8600000US95820,ZCTA5 95820,28109,5506,7514,10194,4895,95820
8600000US95821,ZCTA5 95821,26842,3097,7475,9554,6716,95821
8600000US95822,ZCTA5 95822,33816,5614,8722,11888,7592,95822
8600000US95823,ZCTA5 95823,56081,12379,16505,20324,6873,95823
8600000US95824,ZCTA5 95824,21642,7346,6571,6221,1504,95824
8600000US95825,ZCTA5 95825,29431,3813,6827,9991,8800,95825
8600000US95826,ZCTA5 95826,31584,2562,6406,13240,9376,95826
8600000US95827,ZCTA5 95827,16092,2116,4391,6214,3371,95827
8600000US95828,ZCTA5 95828,44153,9953,12045,15725,6430,95828
8600000US95829,ZCTA5 95829,20780,2302,4721,8212,5545,95829
8600000US95830,ZCTA5 95830,662,42,165,215,240,95830
8600000US95831,ZCTA5 95831,35243,2463,5216,11773,15791,95831
8600000US95832,ZCTA5 95832,8530,2145,3035,2556,794,95832
8600000US95833,ZCTA5 95833,30178,3656,7579,10376,8567,95833
8600000US95834,ZCTA5 95834,21970,2544,5297,7338,6791,95834
8600000US95835,ZCTA5 95835,29948,2245,4964,9293,13446,95835
8600000US95837,ZCTA5 95837,265,13,48,48,156,95837
8600000US95838,ZCTA5 95838,27597,6344,9980,8367,2906,95838
8600000US95841,ZCTA5 95841,16562,1413,5153,6387,3609,95841
8600000US95842,ZCTA5 95842,24538,3255,8706,9148,3429,95842
8600000US95843,ZCTA5 95843,33666,2523,10533,13011,7599,95843
8600000US95864,ZCTA5 95864,18364,797,2611,5443,9513,95864
8600000US95901,ZCTA5 95901,24348,3834,5815,11084,3615,95901
8600000US95903,ZCTA5 95903,1264,35,287,735,207,95903
8600000US95910,ZCTA5 95910,123,0,62,61,0,95910
8600000US95912,ZCTA5 95912,3876,1377,831,1222,446,95912
8600000US95914,ZCTA5 95914,556,105,198,153,100,95914
8600000US95915,ZCTA5 95915,0,0,0,0,0,95915
8600000US95916,ZCTA5 95916,1186,205,397,475,109,95916
8600000US95917,ZCTA5 95917,2805,681,844,951,329,95917
8600000US95918,ZCTA5 95918,2230,194,595,818,623,95918
8600000US95919,ZCTA5 95919,784,104,217,355,108,95919
8600000US95920,ZCTA5 95920,260,97,68,73,22,95920
8600000US95922,ZCTA5 95922,598,39,139,292,128,95922
8600000US95923,ZCTA5 95923,28,3,7,14,4,95923
8600000US95925,ZCTA5 95925,244,9,109,51,75,95925
8600000US95926,ZCTA5 95926,32670,1867,6640,14710,9453,95926
8600000US95928,ZCTA5 95928,31334,2437,5646,12999,10252,95928
8600000US95930,ZCTA5 95930,72,20,16,36,0,95930
8600000US95932,ZCTA5 95932,5683,1128,1510,2080,965,95932
8600000US95934,ZCTA5 95934,146,0,86,27,33,95934
8600000US95935,ZCTA5 95935,206,39,100,52,15,95935
8600000US95936,ZCTA5 95936,125,12,23,53,37,95936
8600000US95937,ZCTA5 95937,1099,257,267,353,222,95937
8600000US95938,ZCTA5 95938,3270,257,409,1519,1085,95938
8600000US95939,ZCTA5 95939,490,104,225,137,24,95939
8600000US95941,ZCTA5 95941,615,176,158,148,133,95941
8600000US95942,ZCTA5 95942,913,135,84,453,241,95942
8600000US95943,ZCTA5 95943,635,117,176,256,86,95943
8600000US95944,ZCTA5 95944,26,0,12,14,0,95944
8600000US95945,ZCTA5 95945,21082,1555,5124,8362,6041,95945
8600000US95946,ZCTA5 95946,7763,461,1286,3600,2416,95946
8600000US95947,ZCTA5 95947,1448,96,514,581,257,95947
8600000US95948,ZCTA5 95948,8488,1640,2026,3621,1201,95948
8600000US95949,ZCTA5 95949,17466,1089,3932,7320,5125,95949
8600000US95950,ZCTA5 95950,216,48,71,76,21,95950
8600000US95951,ZCTA5 95951,1814,862,388,387,177,95951
8600000US95953,ZCTA5 95953,7650,1995,1867,2814,974,95953
8600000US95954,ZCTA5 95954,10395,807,2806,4934,1848,95954
8600000US95955,ZCTA5 95955,1036,264,334,308,130,95955
8600000US95956,ZCTA5 95956,309,0,43,209,57,95956
8600000US95957,ZCTA5 95957,629,98,185,230,116,95957
8600000US95959,ZCTA5 95959,15664,844,2616,5681,6523,95959
8600000US95960,ZCTA5 95960,604,81,234,135,154,95960
8600000US95961,ZCTA5 95961,19688,4346,4771,8108,2463,95961
8600000US95962,ZCTA5 95962,1050,113,192,194,551,95962
8600000US95963,ZCTA5 95963,11309,2461,3329,3867,1652,95963
8600000US95965,ZCTA5 95965,15889,2567,4683,6400,2239,95965
8600000US95966,ZCTA5 95966,23831,3561,7541,9876,2853,95966
8600000US95968,ZCTA5 95968,930,300,286,288,56,95968
8600000US95969,ZCTA5 95969,19153,1523,5291,8464,3875,95969
8600000US95970,ZCTA5 95970,494,82,185,161,66,95970
8600000US95971,ZCTA5 95971,4926,350,1332,2239,1005,95971
8600000US95973,ZCTA5 95973,28401,2478,5303,10906,9714,95973
8600000US95974,ZCTA5 95974,31,0,15,16,0,95974
8600000US95975,ZCTA5 95975,1552,128,415,805,204,95975
8600000US95977,ZCTA5 95977,1197,69,375,521,232,95977
8600000US95978,ZCTA5 95978,138,23,79,22,14,95978
8600000US95979,ZCTA5 95979,385,93,124,109,59,95979
8600000US95981,ZCTA5 95981,23,0,13,0,10,95981
8600000US95982,ZCTA5 95982,2409,231,831,1036,311,95982
8600000US95983,ZCTA5 95983,279,17,54,157,51,95983
8600000US95984,ZCTA5 95984,287,0,127,108,52,95984
8600000US95986,ZCTA5 95986,56,0,12,28,16,95986
8600000US95987,ZCTA5 95987,4129,1330,1217,1139,443,95987
8600000US95988,ZCTA5 95988,6194,1274,1712,2411,797,95988
8600000US95991,ZCTA5 95991,29720,7105,7433,10969,4213,95991
8600000US95993,ZCTA5 95993,28236,5299,6424,10688,5825,95993
8600000US96001,ZCTA5 96001,27115,2199,6209,11575,7132,96001
8600000US96002,ZCTA5 96002,25817,2141,7272,11274,5130,96002
8600000US96003,ZCTA5 96003,35428,2914,8301,15929,8284,96003
8600000US96006,ZCTA5 96006,339,33,115,122,69,96006
8600000US96007,ZCTA5 96007,18119,2330,5644,7675,2470,96007
8600000US96008,ZCTA5 96008,1035,91,188,453,303,96008
8600000US96009,ZCTA5 96009,277,3,116,150,8,96009
8600000US96010,ZCTA5 96010,122,14,68,40,0,96010
8600000US96011,ZCTA5 96011,157,30,43,59,25,96011
8600000US96013,ZCTA5 96013,3528,616,1141,1295,476,96013
8600000US96014,ZCTA5 96014,135,18,23,86,8,96014
8600000US96015,ZCTA5 96015,295,53,7,93,142,96015
8600000US96016,ZCTA5 96016,350,0,75,216,59,96016
8600000US96017,ZCTA5 96017,129,0,20,73,36,96017
8600000US96019,ZCTA5 96019,7711,774,2424,3429,1084,96019
8600000US96020,ZCTA5 96020,2080,147,626,936,371,96020
8600000US96021,ZCTA5 96021,11985,2796,3878,4110,1201,96021
8600000US96022,ZCTA5 96022,12419,1563,3169,5339,2348,96022
8600000US96023,ZCTA5 96023,910,213,350,312,35,96023
8600000US96024,ZCTA5 96024,697,69,242,271,115,96024
8600000US96025,ZCTA5 96025,1731,109,541,737,344,96025
8600000US96027,ZCTA5 96027,1851,90,566,728,467,96027
8600000US96028,ZCTA5 96028,1137,81,445,493,118,96028
8600000US96029,ZCTA5 96029,126,13,62,39,12,96029
8600000US96031,ZCTA5 96031,102,8,40,30,24,96031
8600000US96032,ZCTA5 96032,1990,247,628,702,413,96032
8600000US96033,ZCTA5 96033,413,47,143,149,74,96033
8600000US96034,ZCTA5 96034,235,32,71,90,42,96034
8600000US96035,ZCTA5 96035,2710,761,857,758,334,96035
8600000US96037,ZCTA5 96037,256,10,129,116,1,96037
8600000US96038,ZCTA5 96038,522,54,171,180,117,96038
8600000US96039,ZCTA5 96039,749,129,273,242,105,96039
8600000US96040,ZCTA5 96040,124,0,24,80,20,96040
8600000US96041,ZCTA5 96041,2371,126,1104,859,282,96041
8600000US96044,ZCTA5 96044,846,102,231,401,112,96044
8600000US96046,ZCTA5 96046,115,0,88,0,27,96046
8600000US96047,ZCTA5 96047,770,103,207,334,126,96047
8600000US96048,ZCTA5 96048,659,22,278,206,153,96048
8600000US96049,ZCTA5 96049,57,6,31,17,3,96049
8600000US96050,ZCTA5 96050,342,44,98,162,38,96050
8600000US96051,ZCTA5 96051,1143,124,316,589,114,96051
8600000US96052,ZCTA5 96052,1408,157,536,532,183,96052
8600000US96054,ZCTA5 96054,275,19,115,113,28,96054
8600000US96055,ZCTA5 96055,2926,330,1026,992,578,96055
8600000US96056,ZCTA5 96056,1245,125,423,390,307,96056
8600000US96057,ZCTA5 96057,1060,94,327,474,165,96057
8600000US96058,ZCTA5 96058,419,131,92,109,87,96058
8600000US96059,ZCTA5 96059,417,19,122,176,100,96059
8600000US96061,ZCTA5 96061,21,0,0,11,10,96061
8600000US96062,ZCTA5 96062,820,85,149,381,205,96062
8600000US96063,ZCTA5 96063,210,43,23,97,47,96063
8600000US96064,ZCTA5 96064,3663,321,1043,1674,625,96064
8600000US96065,ZCTA5 96065,347,53,79,133,82,96065
8600000US96067,ZCTA5 96067,5901,222,996,2620,2063,96067
8600000US96068,ZCTA5 96068,160,36,84,30,10,96068
8600000US96069,ZCTA5 96069,718,52,233,266,167,96069
8600000US96071,ZCTA5 96071,31,0,0,22,9,96071
8600000US96073,ZCTA5 96073,3185,64,610,1455,1056,96073
8600000US96074,ZCTA5 96074,140,31,52,51,6,96074
8600000US96075,ZCTA5 96075,350,83,96,135,36,96075
8600000US96076,ZCTA5 96076,284,42,72,115,55,96076
8600000US96080,ZCTA5 96080,21995,2356,6980,9453,3206,96080
8600000US96084,ZCTA5 96084,377,25,119,172,61,96084
8600000US96085,ZCTA5 96085,35,2,6,14,13,96085
8600000US96086,ZCTA5 96086,255,53,76,83,43,96086
8600000US96087,ZCTA5 96087,436,17,137,192,90,96087
8600000US96088,ZCTA5 96088,4159,472,1332,1735,620,96088
8600000US96090,ZCTA5 96090,418,78,131,166,43,96090
8600000US96091,ZCTA5 96091,580,14,200,170,196,96091
8600000US96092,ZCTA5 96092,296,46,32,88,130,96092
8600000US96093,ZCTA5 96093,2638,308,548,1239,543,96093
8600000US96094,ZCTA5 96094,5265,485,1228,2281,1271,96094
8600000US96096,ZCTA5 96096,605,59,160,281,105,96096
8600000US96097,ZCTA5 96097,7434,872,1991,3235,1336,96097
8600000US96101,ZCTA5 96101,4318,668,1584,1570,496,96101
8600000US96103,ZCTA5 96103,1250,4,266,529,451,96103
8600000US96104,ZCTA5 96104,566,48,191,211,116,96104
8600000US96105,ZCTA5 96105,264,0,0,175,89,96105
8600000US96106,ZCTA5 96106,234,11,27,126,70,96106
8600000US96107,ZCTA5 96107,1222,144,454,437,187,96107
8600000US96108,ZCTA5 96108,80,11,38,31,0,96108
8600000US96109,ZCTA5 96109,712,51,270,318,73,96109
8600000US96110,ZCTA5 96110,113,0,27,70,16,96110
8600000US96111,ZCTA5 96111,60,0,17,28,15,96111
8600000US96112,ZCTA5 96112,176,24,55,47,50,96112
8600000US96113,ZCTA5 96113,1739,359,637,611,132,96113
8600000US96114,ZCTA5 96114,2629,180,663,1167,619,96114
8600000US96115,ZCTA5 96115,115,18,15,51,31,96115
8600000US96116,ZCTA5 96116,172,0,90,82,0,96116
8600000US96117,ZCTA5 96117,280,24,38,162,56,96117
8600000US96118,ZCTA5 96118,1466,163,476,635,192,96118
8600000US96119,ZCTA5 96119,37,1,19,17,0,96119
8600000US96120,ZCTA5 96120,747,82,209,225,231,96120
8600000US96121,ZCTA5 96121,309,0,65,216,28,96121
8600000US96122,ZCTA5 96122,2525,142,571,1333,479,96122
8600000US96123,ZCTA5 96123,17,0,15,2,0,96123
8600000US96124,ZCTA5 96124,331,28,54,121,128,96124
8600000US96125,ZCTA5 96125,126,0,40,16,70,96125
8600000US96126,ZCTA5 96126,85,0,20,25,40,96126
8600000US96128,ZCTA5 96128,628,49,221,231,127,96128
8600000US96129,ZCTA5 96129,289,0,43,192,54,96129
8600000US96130,ZCTA5 96130,17072,4000,6436,5099,1537,96130
8600000US96132,ZCTA5 96132,47,15,5,23,4,96132
8600000US96133,ZCTA5 96133,126,24,56,46,0,96133
8600000US96134,ZCTA5 96134,1453,486,405,413,149,96134
8600000US96135,ZCTA5 96135,193,0,110,23,60,96135
8600000US96136,ZCTA5 96136,35,0,15,20,0,96136
8600000US96137,ZCTA5 96137,2850,247,681,1247,675,96137
8600000US96140,ZCTA5 96140,913,12,92,388,421,96140
8600000US96141,ZCTA5 96141,348,21,59,78,190,96141
8600000US96142,ZCTA5 96142,659,49,173,215,222,96142
8600000US96143,ZCTA5 96143,2839,209,707,1039,884,96143
8600000US96145,ZCTA5 96145,1846,7,342,475,1022,96145
8600000US96146,ZCTA5 96146,963,38,78,419,428,96146
8600000US96148,ZCTA5 96148,471,76,139,114,142,96148
8600000US96150,ZCTA5 96150,24289,2403,6120,9237,6529,96150
8600000US96155,ZCTA5 96155,0,0,0,0,0,96155
8600000US96161,ZCTA5 96161,14190,703,1502,4948,7037,96161
