,ZCTA,zip,county_name
30002,90001,90001,Los Angeles
30003,90002,90002,Los Angeles
30004,90003,90003,Los Angeles
30005,90004,90004,Los Angeles
30006,90005,90005,Los Angeles
30007,90006,90006,Los Angeles
30008,90007,90007,Los Angeles
30009,90008,90008,Los Angeles
30010,90010,90010,Los Angeles
30011,90011,90011,Los Angeles
30012,90012,90012,Los Angeles
30013,90013,90013,Los Angeles
30014,90014,90014,Los Angeles
30015,90015,90015,Los Angeles
30016,90016,90016,Los Angeles
30017,90017,90017,Los Angeles
30018,90018,90018,Los Angeles
30019,90019,90019,Los Angeles
30020,90020,90020,Los Angeles
30021,90021,90021,Los Angeles
30022,90022,90022,Los Angeles
30023,90023,90023,Los Angeles
30024,90024,90024,Los Angeles
30025,90025,90025,Los Angeles
30026,90026,90026,Los Angeles
30027,90027,90027,Los Angeles
30028,90028,90028,Los Angeles
30029,90029,90029,Los Angeles
30030,90031,90031,Los Angeles
30031,90032,90032,Los Angeles
30032,90033,90033,Los Angeles
30033,90034,90034,Los Angeles
30034,90035,90035,Los Angeles
30035,90036,90036,Los Angeles
30036,90037,90037,Los Angeles
30037,90038,90038,Los Angeles
30038,90039,90039,Los Angeles
30039,90040,90040,Los Angeles
30040,90041,90041,Los Angeles
30041,90042,90042,Los Angeles
30042,90043,90043,Los Angeles
30043,90044,90044,Los Angeles
30044,90045,90045,Los Angeles
30045,90046,90046,Los Angeles
30046,90047,90047,Los Angeles
30047,90048,90048,Los Angeles
30048,90049,90049,Los Angeles
30049,90056,90056,Los Angeles
30050,90057,90057,Los Angeles
30051,90058,90058,Los Angeles
30052,90059,90059,Los Angeles
30053,90061,90061,Los Angeles
30054,90062,90062,Los Angeles
30055,90063,90063,Los Angeles
30056,90064,90064,Los Angeles
30057,90065,90065,Los Angeles
30058,90066,90066,Los Angeles
30059,90067,90067,Los Angeles
30060,90068,90068,Los Angeles
30061,90069,90069,Los Angeles
30062,90071,90071,Los Angeles
30063,90073,90073,Los Angeles
30064,90077,90077,Los Angeles
30065,90079,90079,Los Angeles
30066,90089,90089,Los Angeles
30067,90094,90094,Los Angeles
30068,90095,90095,Los Angeles
30069,90201,90201,Los Angeles
30070,90210,90210,Los Angeles
30071,90211,90211,Los Angeles
30072,90212,90212,Los Angeles
30073,90220,90220,Los Angeles
30074,90221,90221,Los Angeles
30075,90222,90222,Los Angeles
30076,90230,90230,Los Angeles
30077,90232,90232,Los Angeles
30078,90240,90240,Los Angeles
30079,90241,90241,Los Angeles
30080,90242,90242,Los Angeles
30081,90245,90245,Los Angeles
30082,90247,90247,Los Angeles
30083,90248,90248,Los Angeles
30084,90249,90249,Los Angeles
30085,90250,90250,Los Angeles
30086,90254,90254,Los Angeles
30087,90255,90255,Los Angeles
30088,90260,90260,Los Angeles
30089,90262,90262,Los Angeles
30090,90263,90263,Los Angeles
30091,90265,90265,Los Angeles
30092,90266,90266,Los Angeles
30093,90270,90270,Los Angeles
30094,90272,90272,Los Angeles
30095,90274,90274,Los Angeles
30096,90275,90275,Los Angeles
30097,90277,90277,Los Angeles
30098,90278,90278,Los Angeles
30099,90280,90280,Los Angeles
30100,90290,90290,Los Angeles
30101,90291,90291,Los Angeles
30102,90292,90292,Los Angeles
30103,90293,90293,Los Angeles
30104,90301,90301,Los Angeles
30105,90302,90302,Los Angeles
30106,90303,90303,Los Angeles
30107,90304,90304,Los Angeles
30108,90305,90305,Los Angeles
30109,90401,90401,Los Angeles
30110,90402,90402,Los Angeles
30111,90403,90403,Los Angeles
30112,90404,90404,Los Angeles
30113,90405,90405,Los Angeles
30114,90501,90501,Los Angeles
30115,90502,90502,Los Angeles
30116,90503,90503,Los Angeles
30117,90504,90504,Los Angeles
30118,90505,90505,Los Angeles
30119,90506,90506,Los Angeles
30120,90601,90601,Los Angeles
30121,90602,90602,Los Angeles
30122,90603,90603,Los Angeles
30123,90604,90604,Los Angeles
30124,90605,90605,Los Angeles
30125,90606,90606,Los Angeles
30126,90620,90620,Orange
30127,90621,90621,Orange
30128,90623,90623,Orange
30129,90630,90630,Orange
30130,90631,90631,Orange
30131,90638,90638,Los Angeles
30132,90640,90640,Los Angeles
30133,90650,90650,Los Angeles
30134,90660,90660,Los Angeles
30135,90670,90670,Los Angeles
30136,90680,90680,Orange
30137,90701,90701,Los Angeles
30138,90703,90703,Los Angeles
30139,90704,90704,Los Angeles
30140,90706,90706,Los Angeles
30141,90710,90710,Los Angeles
30142,90712,90712,Los Angeles
30143,90713,90713,Los Angeles
30144,90715,90715,Los Angeles
30145,90716,90716,Los Angeles
30146,90717,90717,Los Angeles
30147,90720,90720,Orange
30148,90723,90723,Los Angeles
30149,90731,90731,Los Angeles
30150,90732,90732,Los Angeles
30151,90740,90740,Orange
30152,90742,90742,Orange
30153,90743,90743,Orange
30154,90744,90744,Los Angeles
30155,90745,90745,Los Angeles
30156,90746,90746,Los Angeles
30157,90747,90747,Los Angeles
30158,90755,90755,Los Angeles
30159,90802,90802,Los Angeles
30160,90803,90803,Los Angeles
30161,90804,90804,Los Angeles
30162,90805,90805,Los Angeles
30163,90806,90806,Los Angeles
30164,90807,90807,Los Angeles
30165,90808,90808,Los Angeles
30166,90810,90810,Los Angeles
30167,90813,90813,Los Angeles
30168,90814,90814,Los Angeles
30169,90815,90815,Los Angeles
30170,90822,90822,Los Angeles
30171,90831,90831,Los Angeles
30172,91001,91001,Los Angeles
30173,91006,91006,Los Angeles
30174,91007,91007,Los Angeles
30175,91008,91008,Los Angeles
30176,91010,91010,Los Angeles
30177,91011,91011,Los Angeles
30178,91016,91016,Los Angeles
30179,91020,91020,Los Angeles
30180,91024,91024,Los Angeles
30181,91030,91030,Los Angeles
30182,91040,91040,Los Angeles
30183,91042,91042,Los Angeles
30184,91046,91046,Los Angeles
30185,91101,91101,Los Angeles
30186,91103,91103,Los Angeles
30187,91104,91104,Los Angeles
30188,91105,91105,Los Angeles
30189,91106,91106,Los Angeles
30190,91107,91107,Los Angeles
30191,91108,91108,Los Angeles
30192,91201,91201,Los Angeles
30193,91202,91202,Los Angeles
30194,91203,91203,Los Angeles
30195,91204,91204,Los Angeles
30196,91205,91205,Los Angeles
30197,91206,91206,Los Angeles
30198,91207,91207,Los Angeles
30199,91208,91208,Los Angeles
30200,91210,91210,Los Angeles
30201,91214,91214,Los Angeles
30202,91301,91301,Los Angeles
30203,91302,91302,Los Angeles
30204,91303,91303,Los Angeles
30205,91304,91304,Los Angeles
30206,91306,91306,Los Angeles
30207,91307,91307,Los Angeles
30208,91311,91311,Los Angeles
30209,91316,91316,Los Angeles
30210,91320,91320,Ventura
30211,91321,91321,Los Angeles
30212,91324,91324,Los Angeles
30213,91325,91325,Los Angeles
30214,91326,91326,Los Angeles
30215,91330,91330,Los Angeles
30216,91331,91331,Los Angeles
30217,91335,91335,Los Angeles
30218,91340,91340,Los Angeles
30219,91342,91342,Los Angeles
30220,91343,91343,Los Angeles
30221,91344,91344,Los Angeles
30222,91345,91345,Los Angeles
30223,91350,91350,Los Angeles
30224,91351,91351,Los Angeles
30225,91352,91352,Los Angeles
30226,91354,91354,Los Angeles
30227,91355,91355,Los Angeles
30228,91356,91356,Los Angeles
30229,91360,91360,Ventura
30230,91361,91361,Ventura
30231,91362,91362,Ventura
30232,91364,91364,Los Angeles
30233,91367,91367,Los Angeles
30234,91371,91371,Los Angeles
30235,91377,91377,Ventura
30236,91381,91381,Los Angeles
30237,91384,91384,Los Angeles
30238,91387,91387,Los Angeles
30239,91390,91390,Los Angeles
30240,91401,91401,Los Angeles
30241,91402,91402,Los Angeles
30242,91403,91403,Los Angeles
30243,91405,91405,Los Angeles
30244,91406,91406,Los Angeles
30245,91411,91411,Los Angeles
30246,91423,91423,Los Angeles
30247,91436,91436,Los Angeles
30248,91501,91501,Los Angeles
30249,91502,91502,Los Angeles
30250,91504,91504,Los Angeles
30251,91505,91505,Los Angeles
30252,91506,91506,Los Angeles
30253,91601,91601,Los Angeles
30254,91602,91602,Los Angeles
30255,91604,91604,Los Angeles
30256,91605,91605,Los Angeles
30257,91606,91606,Los Angeles
30258,91607,91607,Los Angeles
30259,91608,91608,Los Angeles
30260,91701,91701,San Bernardino
30261,91702,91702,Los Angeles
30262,91706,91706,Los Angeles
30263,91708,91708,San Bernardino
30264,91709,91709,San Bernardino
30265,91710,91710,San Bernardino
30266,91711,91711,Los Angeles
30267,91722,91722,Los Angeles
30268,91723,91723,Los Angeles
30269,91724,91724,Los Angeles
30270,91730,91730,San Bernardino
30271,91731,91731,Los Angeles
30272,91732,91732,Los Angeles
30273,91733,91733,Los Angeles
30274,91737,91737,San Bernardino
30275,91739,91739,San Bernardino
30276,91740,91740,Los Angeles
30277,91741,91741,Los Angeles
30278,91744,91744,Los Angeles
30279,91745,91745,Los Angeles
30280,91746,91746,Los Angeles
30281,91748,91748,Los Angeles
30282,91750,91750,Los Angeles
30283,91752,91752,Riverside
30284,91754,91754,Los Angeles
30285,91755,91755,Los Angeles
30286,91759,91759,San Bernardino
30287,91761,91761,San Bernardino
30288,91762,91762,San Bernardino
30289,91763,91763,San Bernardino
30290,91764,91764,San Bernardino
30291,91765,91765,Los Angeles
30292,91766,91766,Los Angeles
30293,91767,91767,Los Angeles
30294,91768,91768,Los Angeles
30295,91770,91770,Los Angeles
30296,91773,91773,Los Angeles
30297,91775,91775,Los Angeles
30298,91776,91776,Los Angeles
30299,91780,91780,Los Angeles
30300,91784,91784,San Bernardino
30301,91786,91786,San Bernardino
30302,91789,91789,Los Angeles
30303,91790,91790,Los Angeles
30304,91791,91791,Los Angeles
30305,91792,91792,Los Angeles
30306,91801,91801,Los Angeles
30307,91803,91803,Los Angeles
30308,91901,91901,San Diego
30309,91902,91902,San Diego
30310,91905,91905,San Diego
30311,91906,91906,San Diego
30312,91910,91910,San Diego
30313,91911,91911,San Diego
30314,91913,91913,San Diego
30315,91914,91914,San Diego
30316,91915,91915,San Diego
30317,91916,91916,San Diego
30318,91917,91917,San Diego
30319,91931,91931,San Diego
30320,91932,91932,San Diego
30321,91934,91934,San Diego
30322,91935,91935,San Diego
30323,91941,91941,San Diego
30324,91942,91942,San Diego
30325,91945,91945,San Diego
30326,91948,91948,San Diego
30327,91950,91950,San Diego
30328,91962,91962,San Diego
30329,91963,91963,San Diego
30330,91977,91977,San Diego
30331,91978,91978,San Diego
30332,91980,91980,San Diego
30333,92003,92003,San Diego
30334,92004,92004,San Diego
30335,92007,92007,San Diego
30336,92008,92008,San Diego
30337,92009,92009,San Diego
30338,92010,92010,San Diego
30339,92011,92011,San Diego
30340,92014,92014,San Diego
30341,92019,92019,San Diego
30342,92020,92020,San Diego
30343,92021,92021,San Diego
30344,92024,92024,San Diego
30345,92025,92025,San Diego
30346,92026,92026,San Diego
30347,92027,92027,San Diego
30348,92028,92028,San Diego
30349,92029,92029,San Diego
30350,92036,92036,San Diego
30351,92037,92037,San Diego
30352,92040,92040,San Diego
30353,92054,92054,San Diego
30354,92055,92055,San Diego
30355,92056,92056,San Diego
30356,92057,92057,San Diego
30357,92058,92058,San Diego
30358,92059,92059,San Diego
30359,92060,92060,San Diego
30360,92061,92061,San Diego
30361,92064,92064,San Diego
30362,92065,92065,San Diego
30363,92066,92066,San Diego
30364,92067,92067,San Diego
30365,92069,92069,San Diego
30366,92070,92070,San Diego
30367,92071,92071,San Diego
30368,92075,92075,San Diego
30369,92078,92078,San Diego
30370,92081,92081,San Diego
30371,92082,92082,San Diego
30372,92083,92083,San Diego
30373,92084,92084,San Diego
30374,92086,92086,San Diego
30375,92091,92091,San Diego
30376,92101,92101,San Diego
30377,92102,92102,San Diego
30378,92103,92103,San Diego
30379,92104,92104,San Diego
30380,92105,92105,San Diego
30381,92106,92106,San Diego
30382,92107,92107,San Diego
30383,92108,92108,San Diego
30384,92109,92109,San Diego
30385,92110,92110,San Diego
30386,92111,92111,San Diego
30387,92113,92113,San Diego
30388,92114,92114,San Diego
30389,92115,92115,San Diego
30390,92116,92116,San Diego
30391,92117,92117,San Diego
30392,92118,92118,San Diego
30393,92119,92119,San Diego
30394,92120,92120,San Diego
30395,92121,92121,San Diego
30396,92122,92122,San Diego
30397,92123,92123,San Diego
30398,92124,92124,San Diego
30399,92126,92126,San Diego
30400,92127,92127,San Diego
30401,92128,92128,San Diego
30402,92129,92129,San Diego
30403,92130,92130,San Diego
30404,92131,92131,San Diego
30405,92132,92132,San Diego
30406,92134,92134,San Diego
30407,92135,92135,San Diego
30408,92139,92139,San Diego
30409,92140,92140,San Diego
30410,92145,92145,San Diego
30411,92147,92147,San Diego
30412,92154,92154,San Diego
30413,92155,92155,San Diego
30414,92173,92173,San Diego
30415,92201,92201,Riverside
30416,92203,92203,Riverside
30417,92210,92210,Riverside
30418,92211,92211,Riverside
30419,92220,92220,Riverside
30420,92222,92222,Imperial
30421,92223,92223,Riverside
30422,92225,92225,Riverside
30423,92227,92227,Imperial
30424,92230,92230,Riverside
30425,92231,92231,Imperial
30426,92233,92233,Imperial
30427,92234,92234,Riverside
30428,92236,92236,Riverside
30429,92239,92239,Riverside
30430,92240,92240,Riverside
30431,92241,92241,Riverside
30432,92242,92242,San Bernardino
30433,92243,92243,Imperial
30434,92249,92249,Imperial
30435,92250,92250,Imperial
30436,92251,92251,Imperial
30437,92252,92252,San Bernardino
30438,92253,92253,Riverside
30439,92254,92254,Riverside
30440,92256,92256,San Bernardino
30441,92257,92257,Imperial
30442,92258,92258,Riverside
30443,92259,92259,Imperial
30444,92260,92260,Riverside
30445,92262,92262,Riverside
30446,92264,92264,Riverside
30447,92266,92266,Imperial
30448,92267,92267,San Bernardino
30449,92268,92268,San Bernardino
30450,92270,92270,Riverside
30451,92273,92273,Imperial
30452,92274,92274,Riverside
30453,92275,92275,Imperial
30454,92276,92276,Riverside
30455,92277,92277,San Bernardino
30456,92278,92278,San Bernardino
30457,92280,92280,San Bernardino
30458,92281,92281,Imperial
30459,92282,92282,Riverside
30460,92283,92283,Imperial
30461,92284,92284,San Bernardino
30462,92285,92285,San Bernardino
30463,92301,92301,San Bernardino
30464,92304,92304,San Bernardino
30465,92305,92305,San Bernardino
30466,92307,92307,San Bernardino
30467,92308,92308,San Bernardino
30468,92309,92309,San Bernardino
30469,92310,92310,San Bernardino
30470,92311,92311,San Bernardino
30471,92313,92313,San Bernardino
30472,92314,92314,San Bernardino
30473,92315,92315,San Bernardino
30474,92316,92316,San Bernardino
30475,92320,92320,Riverside
30476,92321,92321,San Bernardino
30477,92322,92322,San Bernardino
30478,92324,92324,San Bernardino
30479,92325,92325,San Bernardino
30480,92327,92327,San Bernardino
30481,92328,92328,Inyo
30482,92332,92332,San Bernardino
30483,92333,92333,San Bernardino
30484,92335,92335,San Bernardino
30485,92336,92336,San Bernardino
30486,92337,92337,San Bernardino
30487,92338,92338,San Bernardino
30488,92339,92339,San Bernardino
30489,92341,92341,San Bernardino
30490,92342,92342,San Bernardino
30491,92344,92344,San Bernardino
30492,92345,92345,San Bernardino
30493,92346,92346,San Bernardino
30494,92347,92347,San Bernardino
30495,92352,92352,San Bernardino
30496,92354,92354,San Bernardino
30497,92356,92356,San Bernardino
30498,92358,92358,San Bernardino
30499,92359,92359,San Bernardino
30500,92363,92363,San Bernardino
30501,92364,92364,San Bernardino
30502,92365,92365,San Bernardino
30503,92368,92368,San Bernardino
30504,92371,92371,San Bernardino
30505,92372,92372,San Bernardino
30506,92373,92373,San Bernardino
30507,92374,92374,San Bernardino
30508,92376,92376,San Bernardino
30509,92377,92377,San Bernardino
30510,92378,92378,San Bernardino
30511,92382,92382,San Bernardino
30512,92384,92384,Inyo
30513,92385,92385,San Bernardino
30514,92386,92386,San Bernardino
30515,92389,92389,Inyo
30516,92391,92391,San Bernardino
30517,92392,92392,San Bernardino
30518,92394,92394,San Bernardino
30519,92395,92395,San Bernardino
30520,92397,92397,San Bernardino
30521,92398,92398,San Bernardino
30522,92399,92399,San Bernardino
30523,92401,92401,San Bernardino
30524,92404,92404,San Bernardino
30525,92405,92405,San Bernardino
30526,92407,92407,San Bernardino
30527,92408,92408,San Bernardino
30528,92410,92410,San Bernardino
30529,92411,92411,San Bernardino
30530,92501,92501,Riverside
30531,92503,92503,Riverside
30532,92504,92504,Riverside
30533,92505,92505,Riverside
30534,92506,92506,Riverside
30535,92507,92507,Riverside
30536,92508,92508,Riverside
30537,92509,92509,Riverside
30538,92518,92518,Riverside
30539,92530,92530,Riverside
30540,92532,92532,Riverside
30541,92536,92536,Riverside
30542,92539,92539,Riverside
30543,92543,92543,Riverside
30544,92544,92544,Riverside
30545,92545,92545,Riverside
30546,92548,92548,Riverside
30547,92549,92549,Riverside
30548,92551,92551,Riverside
30549,92553,92553,Riverside
30550,92555,92555,Riverside
30551,92557,92557,Riverside
30552,92561,92561,Riverside
30553,92562,92562,Riverside
30554,92563,92563,Riverside
30555,92567,92567,Riverside
30556,92570,92570,Riverside
30557,92571,92571,Riverside
30558,92582,92582,Riverside
30559,92583,92583,Riverside
30560,92584,92584,Riverside
30561,92585,92585,Riverside
30562,92586,92586,Riverside
30563,92587,92587,Riverside
30564,92590,92590,Riverside
30565,92591,92591,Riverside
30566,92592,92592,Riverside
30567,92595,92595,Riverside
30568,92596,92596,Riverside
30569,92602,92602,Orange
30570,92603,92603,Orange
30571,92604,92604,Orange
30572,92606,92606,Orange
30573,92610,92610,Orange
30574,92612,92612,Orange
30575,92614,92614,Orange
30576,92617,92617,Orange
30577,92618,92618,Orange
30578,92620,92620,Orange
30579,92624,92624,Orange
30580,92625,92625,Orange
30581,92626,92626,Orange
30582,92627,92627,Orange
30583,92629,92629,Orange
30584,92630,92630,Orange
30585,92637,92637,Orange
30586,92646,92646,Orange
30587,92647,92647,Orange
30588,92648,92648,Orange
30589,92649,92649,Orange
30590,92651,92651,Orange
30591,92653,92653,Orange
30592,92655,92655,Orange
30593,92656,92656,Orange
30594,92657,92657,Orange
30595,92660,92660,Orange
30596,92661,92661,Orange
30597,92662,92662,Orange
30598,92663,92663,Orange
30599,92672,92672,Orange
30600,92673,92673,Orange
30601,92675,92675,Orange
30602,92676,92676,Orange
30603,92677,92677,Orange
30604,92678,92678,Orange
30605,92679,92679,Orange
30606,92683,92683,Orange
30607,92688,92688,Orange
30608,92691,92691,Orange
30609,92692,92692,Orange
30610,92694,92694,Orange
30611,92701,92701,Orange
30612,92703,92703,Orange
30613,92704,92704,Orange
30614,92705,92705,Orange
30615,92706,92706,Orange
30616,92707,92707,Orange
30617,92708,92708,Orange
30618,92780,92780,Orange
30619,92782,92782,Orange
30620,92801,92801,Orange
30621,92802,92802,Orange
30622,92804,92804,Orange
30623,92805,92805,Orange
30624,92806,92806,Orange
30625,92807,92807,Orange
30626,92808,92808,Orange
30627,92821,92821,Orange
30628,92823,92823,Orange
30629,92831,92831,Orange
30630,92832,92832,Orange
30631,92833,92833,Orange
30632,92835,92835,Orange
30633,92840,92840,Orange
30634,92841,92841,Orange
30635,92843,92843,Orange
30636,92844,92844,Orange
30637,92845,92845,Orange
30638,92860,92860,Riverside
30639,92861,92861,Orange
30640,92865,92865,Orange
30641,92866,92866,Orange
30642,92867,92867,Orange
30643,92868,92868,Orange
30644,92869,92869,Orange
30645,92870,92870,Orange
30646,92879,92879,Riverside
30647,92880,92880,Riverside
30648,92881,92881,Riverside
30649,92882,92882,Riverside
30650,92883,92883,Riverside
30651,92886,92886,Orange
30652,92887,92887,Orange
30653,93001,93001,Ventura
30654,93003,93003,Ventura
30655,93004,93004,Ventura
30656,93010,93010,Ventura
30657,93012,93012,Ventura
30658,93013,93013,Santa Barbara
30659,93015,93015,Ventura
30660,93021,93021,Ventura
30661,93022,93022,Ventura
30662,93023,93023,Ventura
30663,93030,93030,Ventura
30664,93033,93033,Ventura
30665,93035,93035,Ventura
30666,93036,93036,Ventura
30667,93040,93040,Ventura
30668,93041,93041,Ventura
30669,93042,93042,Ventura
30670,93043,93043,Ventura
30671,93060,93060,Ventura
30672,93063,93063,Ventura
30673,93064,93064,Ventura
30674,93065,93065,Ventura
30675,93066,93066,Ventura
30676,93067,93067,Santa Barbara
30677,93101,93101,Santa Barbara
30678,93103,93103,Santa Barbara
30679,93105,93105,Santa Barbara
30680,93108,93108,Santa Barbara
30681,93109,93109,Santa Barbara
30682,93110,93110,Santa Barbara
30683,93111,93111,Santa Barbara
30684,93117,93117,Santa Barbara
30685,93201,93201,Tulare
30686,93202,93202,Kings
30687,93203,93203,Kern
30688,93204,93204,Kings
30689,93205,93205,Kern
30690,93206,93206,Kern
30691,93207,93207,Tulare
30692,93208,93208,Tulare
30693,93210,93210,Fresno
30694,93212,93212,Kings
30695,93215,93215,Kern
30696,93218,93218,Tulare
30697,93219,93219,Tulare
30698,93220,93220,Kern
30699,93221,93221,Tulare
30700,93222,93222,Kern
30701,93223,93223,Tulare
30702,93224,93224,Kern
30703,93225,93225,Kern
30704,93226,93226,Kern
30705,93230,93230,Kings
30706,93234,93234,Fresno
30707,93235,93235,Tulare
30708,93238,93238,Kern
30709,93239,93239,Kings
30710,93240,93240,Kern
30711,93241,93241,Kern
30712,93242,93242,Fresno
30713,93243,93243,Kern
30714,93244,93244,Tulare
30715,93245,93245,Kings
30716,93247,93247,Tulare
30717,93249,93249,Kern
30718,93250,93250,Kern
30719,93251,93251,Kern
30720,93252,93252,Kern
30721,93254,93254,Santa Barbara
30722,93255,93255,Kern
30723,93256,93256,Tulare
30724,93257,93257,Tulare
30725,93258,93258,Tulare
30726,93260,93260,Tulare
30727,93261,93261,Tulare
30728,93262,93262,Tulare
30729,93263,93263,Kern
30730,93265,93265,Tulare
30731,93266,93266,Kings
30732,93267,93267,Tulare
30733,93268,93268,Kern
30734,93270,93270,Tulare
30735,93271,93271,Tulare
30736,93272,93272,Tulare
30737,93274,93274,Tulare
30738,93276,93276,Kern
30739,93277,93277,Tulare
30740,93280,93280,Kern
30741,93283,93283,Kern
30742,93285,93285,Kern
30743,93286,93286,Tulare
30744,93287,93287,Kern
30745,93291,93291,Tulare
30746,93292,93292,Tulare
30747,93301,93301,Kern
30748,93304,93304,Kern
30749,93305,93305,Kern
30750,93306,93306,Kern
30751,93307,93307,Kern
30752,93308,93308,Kern
30753,93309,93309,Kern
30754,93311,93311,Kern
30755,93312,93312,Kern
30756,93313,93313,Kern
30757,93314,93314,Kern
30758,93401,93401,San Luis Obispo
30759,93402,93402,San Luis Obispo
30760,93405,93405,San Luis Obispo
30761,93410,93410,San Luis Obispo
30762,93420,93420,San Luis Obispo
30763,93422,93422,San Luis Obispo
30764,93424,93424,San Luis Obispo
30765,93426,93426,Monterey
30766,93427,93427,Santa Barbara
30767,93428,93428,San Luis Obispo
30768,93429,93429,Santa Barbara
30769,93430,93430,San Luis Obispo
30770,93432,93432,San Luis Obispo
30771,93433,93433,San Luis Obispo
30772,93434,93434,Santa Barbara
30773,93436,93436,Santa Barbara
30774,93437,93437,Santa Barbara
30775,93440,93440,Santa Barbara
30776,93441,93441,Santa Barbara
30777,93442,93442,San Luis Obispo
30778,93444,93444,San Luis Obispo
30779,93445,93445,San Luis Obispo
30780,93446,93446,San Luis Obispo
30781,93449,93449,San Luis Obispo
30782,93450,93450,Monterey
30783,93451,93451,San Luis Obispo
30784,93452,93452,San Luis Obispo
30785,93453,93453,San Luis Obispo
30786,93454,93454,Santa Barbara
30787,93455,93455,Santa Barbara
30788,93458,93458,Santa Barbara
30789,93460,93460,Santa Barbara
30790,93461,93461,San Luis Obispo
30791,93463,93463,Santa Barbara
30792,93465,93465,San Luis Obispo
30793,93501,93501,Kern
30794,93505,93505,Kern
30795,93510,93510,Los Angeles
30796,93512,93512,Mono
30797,93513,93513,Inyo
30798,93514,93514,Inyo
30799,93516,93516,Kern
30800,93517,93517,Mono
30801,93518,93518,Kern
30802,93519,93519,Kern
30803,93522,93522,Inyo
30804,93523,93523,Kern
30805,93524,93524,Kern
30806,93526,93526,Inyo
30807,93527,93527,Kern
30808,93528,93528,Kern
30809,93529,93529,Mono
30810,93530,93530,Inyo
30811,93531,93531,Kern
30812,93532,93532,Los Angeles
30813,93534,93534,Los Angeles
30814,93535,93535,Los Angeles
30815,93536,93536,Los Angeles
30816,93541,93541,Mono
30817,93543,93543,Los Angeles
30818,93544,93544,Los Angeles
30819,93545,93545,Inyo
30820,93546,93546,Mono
30821,93549,93549,Inyo
30822,93550,93550,Los Angeles
30823,93551,93551,Los Angeles
30824,93552,93552,Los Angeles
30825,93553,93553,Los Angeles
30826,93554,93554,Kern
30827,93555,93555,Kern
30828,93558,93558,San Bernardino
30829,93560,93560,Kern
30830,93561,93561,Kern
30831,93562,93562,San Bernardino
30832,93563,93563,Los Angeles
30833,93591,93591,Los Angeles
30834,93592,93592,Inyo
30835,93601,93601,Madera
30836,93602,93602,Fresno
30837,93603,93603,Tulare
30838,93604,93604,Madera
30839,93605,93605,Fresno
30840,93606,93606,Fresno
30841,93608,93608,Fresno
30842,93609,93609,Fresno
30843,93610,93610,Madera
30844,93611,93611,Fresno
30845,93612,93612,Fresno
30846,93614,93614,Madera
30847,93615,93615,Tulare
30848,93616,93616,Fresno
30849,93618,93618,Tulare
30850,93619,93619,Fresno
30851,93620,93620,Merced
30852,93621,93621,Fresno
30853,93622,93622,Fresno
30854,93623,93623,Mariposa
30855,93624,93624,Fresno
30856,93625,93625,Fresno
30857,93626,93626,Fresno
30858,93627,93627,Fresno
30859,93628,93628,Fresno
30860,93630,93630,Fresno
30861,93631,93631,Fresno
30862,93633,93633,Tulare
30863,93634,93634,Fresno
30864,93635,93635,Merced
30865,93636,93636,Madera
30866,93637,93637,Madera
30867,93638,93638,Madera
30868,93640,93640,Fresno
30869,93641,93641,Fresno
30870,93643,93643,Madera
30871,93644,93644,Madera
30872,93645,93645,Madera
30873,93646,93646,Fresno
30874,93647,93647,Tulare
30875,93648,93648,Fresno
30876,93650,93650,Fresno
30877,93651,93651,Fresno
30878,93652,93652,Fresno
30879,93653,93653,Madera
30880,93654,93654,Fresno
30881,93656,93656,Fresno
30882,93657,93657,Fresno
30883,93660,93660,Fresno
30884,93662,93662,Fresno
30885,93664,93664,Fresno
30886,93665,93665,Merced
30887,93666,93666,Tulare
30888,93667,93667,Fresno
30889,93668,93668,Fresno
30890,93669,93669,Madera
30891,93673,93673,Tulare
30892,93675,93675,Fresno
30893,93701,93701,Fresno
30894,93702,93702,Fresno
30895,93703,93703,Fresno
30896,93704,93704,Fresno
30897,93705,93705,Fresno
30898,93706,93706,Fresno
30899,93710,93710,Fresno
30900,93711,93711,Fresno
30901,93720,93720,Fresno
30902,93721,93721,Fresno
30903,93722,93722,Fresno
30904,93723,93723,Fresno
30905,93725,93725,Fresno
30906,93726,93726,Fresno
30907,93727,93727,Fresno
30908,93728,93728,Fresno
30909,93730,93730,Fresno
30910,93901,93901,Monterey
30911,93905,93905,Monterey
30912,93906,93906,Monterey
30913,93907,93907,Monterey
30914,93908,93908,Monterey
30915,93920,93920,Monterey
30916,93921,93921,Monterey
30917,93923,93923,Monterey
30918,93924,93924,Monterey
30919,93925,93925,Monterey
30920,93926,93926,Monterey
30921,93927,93927,Monterey
30922,93928,93928,Monterey
30923,93930,93930,Monterey
30924,93932,93932,Monterey
30925,93933,93933,Monterey
30926,93940,93940,Monterey
30927,93943,93943,Monterey
30928,93950,93950,Monterey
30929,93953,93953,Monterey
30930,93954,93954,Monterey
30931,93955,93955,Monterey
30932,93960,93960,Monterey
30933,93962,93962,Monterey
30934,94002,94002,San Mateo
30935,94005,94005,San Mateo
30936,94010,94010,San Mateo
30937,94014,94014,San Mateo
30938,94015,94015,San Mateo
30939,94019,94019,San Mateo
30940,94020,94020,San Mateo
30941,94021,94021,San Mateo
30942,94022,94022,Santa Clara
30943,94024,94024,Santa Clara
30944,94025,94025,San Mateo
30945,94027,94027,San Mateo
30946,94028,94028,San Mateo
30947,94030,94030,San Mateo
30948,94037,94037,San Mateo
30949,94038,94038,San Mateo
30950,94040,94040,Santa Clara
30951,94041,94041,Santa Clara
30952,94043,94043,Santa Clara
30953,94044,94044,San Mateo
30954,94060,94060,San Mateo
30955,94061,94061,San Mateo
30956,94062,94062,San Mateo
30957,94063,94063,San Mateo
30958,94065,94065,San Mateo
30959,94066,94066,San Mateo
30960,94070,94070,San Mateo
30961,94074,94074,San Mateo
30962,94080,94080,San Mateo
30963,94085,94085,Santa Clara
30964,94086,94086,Santa Clara
30965,94087,94087,Santa Clara
30966,94089,94089,Santa Clara
30967,94102,94102,San Francisco
30968,94103,94103,San Francisco
30969,94104,94104,San Francisco
30970,94105,94105,San Francisco
30971,94107,94107,San Francisco
30972,94108,94108,San Francisco
30973,94109,94109,San Francisco
30974,94110,94110,San Francisco
30975,94111,94111,San Francisco
30976,94112,94112,San Francisco
30977,94114,94114,San Francisco
30978,94115,94115,San Francisco
30979,94116,94116,San Francisco
30980,94117,94117,San Francisco
30981,94118,94118,San Francisco
30982,94121,94121,San Francisco
30983,94122,94122,San Francisco
30984,94123,94123,San Francisco
30985,94124,94124,San Francisco
30986,94127,94127,San Francisco
30987,94128,94128,San Mateo
30988,94129,94129,San Francisco
30989,94130,94130,San Francisco
30990,94131,94131,San Francisco
30991,94132,94132,San Francisco
30992,94133,94133,San Francisco
30993,94134,94134,San Francisco
30994,94158,94158,San Francisco
30995,94301,94301,Santa Clara
30996,94303,94303,San Mateo
30997,94304,94304,Santa Clara
30998,94305,94305,Santa Clara
30999,94306,94306,Santa Clara
31000,94401,94401,San Mateo
31001,94402,94402,San Mateo
31002,94403,94403,San Mateo
31003,94404,94404,San Mateo
31004,94501,94501,Alameda
31005,94502,94502,Alameda
31006,94503,94503,Napa
31007,94505,94505,Contra Costa
31008,94506,94506,Contra Costa
31009,94507,94507,Contra Costa
31010,94508,94508,Napa
31011,94509,94509,Contra Costa
31012,94510,94510,Solano
31013,94511,94511,Contra Costa
31014,94512,94512,Solano
31015,94513,94513,Contra Costa
31016,94514,94514,Contra Costa
31017,94515,94515,Napa
31018,94516,94516,Contra Costa
31019,94517,94517,Contra Costa
31020,94518,94518,Contra Costa
31021,94519,94519,Contra Costa
31022,94520,94520,Contra Costa
31023,94521,94521,Contra Costa
31024,94523,94523,Contra Costa
31025,94525,94525,Contra Costa
31026,94526,94526,Contra Costa
31027,94528,94528,Contra Costa
31028,94530,94530,Contra Costa
31029,94531,94531,Contra Costa
31030,94533,94533,Solano
31031,94534,94534,Solano
31032,94535,94535,Solano
31033,94536,94536,Alameda
31034,94538,94538,Alameda
31035,94539,94539,Alameda
31036,94541,94541,Alameda
31037,94542,94542,Alameda
31038,94544,94544,Alameda
31039,94545,94545,Alameda
31040,94546,94546,Alameda
31041,94547,94547,Contra Costa
31042,94548,94548,Contra Costa
31043,94549,94549,Contra Costa
31044,94550,94550,Alameda
31045,94551,94551,Alameda
31046,94552,94552,Alameda
31047,94553,94553,Contra Costa
31048,94555,94555,Alameda
31049,94556,94556,Contra Costa
31050,94558,94558,Napa
31051,94559,94559,Napa
31052,94560,94560,Alameda
31053,94561,94561,Contra Costa
31054,94563,94563,Contra Costa
31055,94564,94564,Contra Costa
31056,94565,94565,Contra Costa
31057,94566,94566,Alameda
31058,94567,94567,Napa
31059,94568,94568,Alameda
31060,94569,94569,Contra Costa
31061,94571,94571,Solano
31062,94572,94572,Contra Costa
31063,94573,94573,Napa
31064,94574,94574,Napa
31065,94575,94575,Contra Costa
31066,94576,94576,Napa
31067,94577,94577,Alameda
31068,94578,94578,Alameda
31069,94579,94579,Alameda
31070,94580,94580,Alameda
31071,94582,94582,Contra Costa
31072,94583,94583,Contra Costa
31073,94585,94585,Solano
31074,94586,94586,Alameda
31075,94587,94587,Alameda
31076,94588,94588,Alameda
31077,94589,94589,Solano
31078,94590,94590,Solano
31079,94591,94591,Solano
31080,94592,94592,Solano
31081,94595,94595,Contra Costa
31082,94596,94596,Contra Costa
31083,94597,94597,Contra Costa
31084,94598,94598,Contra Costa
31085,94599,94599,Napa
31086,94601,94601,Alameda
31087,94602,94602,Alameda
31088,94603,94603,Alameda
31089,94605,94605,Alameda
31090,94606,94606,Alameda
31091,94607,94607,Alameda
31092,94608,94608,Alameda
31093,94609,94609,Alameda
31094,94610,94610,Alameda
31095,94611,94611,Alameda
31096,94612,94612,Alameda
31097,94613,94613,Alameda
31098,94618,94618,Alameda
31099,94619,94619,Alameda
31100,94621,94621,Alameda
31101,94702,94702,Alameda
31102,94703,94703,Alameda
31103,94704,94704,Alameda
31104,94705,94705,Alameda
31105,94706,94706,Alameda
31106,94707,94707,Alameda
31107,94708,94708,Alameda
31108,94709,94709,Alameda
31109,94710,94710,Alameda
31110,94720,94720,Alameda
31111,94801,94801,Contra Costa
31112,94803,94803,Contra Costa
31113,94804,94804,Contra Costa
31114,94805,94805,Contra Costa
31115,94806,94806,Contra Costa
31116,94850,94850,Contra Costa
31117,94901,94901,Marin
31118,94903,94903,Marin
31119,94904,94904,Marin
31120,94920,94920,Marin
31121,94922,94922,Sonoma
31122,94923,94923,Sonoma
31123,94924,94924,Marin
31124,94925,94925,Marin
31125,94928,94928,Sonoma
31126,94929,94929,Marin
31127,94930,94930,Marin
31128,94931,94931,Sonoma
31129,94933,94933,Marin
31130,94937,94937,Marin
31131,94938,94938,Marin
31132,94939,94939,Marin
31133,94940,94940,Marin
31134,94941,94941,Marin
31135,94945,94945,Marin
31136,94946,94946,Marin
31137,94947,94947,Marin
31138,94949,94949,Marin
31139,94950,94950,Marin
31140,94951,94951,Sonoma
31141,94952,94952,Sonoma
31142,94954,94954,Sonoma
31143,94956,94956,Marin
31144,94957,94957,Marin
31145,94960,94960,Marin
31146,94963,94963,Marin
31147,94964,94964,Marin
31148,94965,94965,Marin
31149,94970,94970,Marin
31150,94971,94971,Marin
31151,94972,94972,Marin
31152,94973,94973,Marin
31153,95002,95002,Santa Clara
31154,95003,95003,Santa Cruz
31155,95004,95004,Monterey
31156,95005,95005,Santa Cruz
31157,95006,95006,Santa Cruz
31158,95007,95007,Santa Cruz
31159,95008,95008,Santa Clara
31160,95010,95010,Santa Cruz
31161,95012,95012,Monterey
31162,95013,95013,Santa Clara
31163,95014,95014,Santa Clara
31164,95017,95017,Santa Cruz
31165,95018,95018,Santa Cruz
31166,95019,95019,Santa Cruz
31167,95020,95020,Santa Clara
31168,95023,95023,San Benito
31169,95030,95030,Santa Clara
31170,95032,95032,Santa Clara
31171,95033,95033,Santa Cruz
31172,95035,95035,Santa Clara
31173,95037,95037,Santa Clara
31174,95039,95039,Monterey
31175,95041,95041,Santa Cruz
31176,95043,95043,San Benito
31177,95045,95045,San Benito
31178,95046,95046,Santa Clara
31179,95050,95050,Santa Clara
31180,95051,95051,Santa Clara
31181,95053,95053,Santa Clara
31182,95054,95054,Santa Clara
31183,95060,95060,Santa Cruz
31184,95062,95062,Santa Cruz
31185,95064,95064,Santa Cruz
31186,95065,95065,Santa Cruz
31187,95066,95066,Santa Cruz
31188,95070,95070,Santa Clara
31189,95073,95073,Santa Cruz
31190,95075,95075,San Benito
31191,95076,95076,Santa Cruz
31192,95110,95110,Santa Clara
31193,95111,95111,Santa Clara
31194,95112,95112,Santa Clara
31195,95113,95113,Santa Clara
31196,95116,95116,Santa Clara
31197,95117,95117,Santa Clara
31198,95118,95118,Santa Clara
31199,95119,95119,Santa Clara
31200,95120,95120,Santa Clara
31201,95121,95121,Santa Clara
31202,95122,95122,Santa Clara
31203,95123,95123,Santa Clara
31204,95124,95124,Santa Clara
31205,95125,95125,Santa Clara
31206,95126,95126,Santa Clara
31207,95127,95127,Santa Clara
31208,95128,95128,Santa Clara
31209,95129,95129,Santa Clara
31210,95130,95130,Santa Clara
31211,95131,95131,Santa Clara
31212,95132,95132,Santa Clara
31213,95133,95133,Santa Clara
31214,95134,95134,Santa Clara
31215,95135,95135,Santa Clara
31216,95136,95136,Santa Clara
31217,95138,95138,Santa Clara
31218,95139,95139,Santa Clara
31219,95140,95140,Santa Clara
31220,95148,95148,Santa Clara
31221,95202,95202,San Joaquin
31222,95203,95203,San Joaquin
31223,95204,95204,San Joaquin
31224,95205,95205,San Joaquin
31225,95206,95206,San Joaquin
31226,95207,95207,San Joaquin
31227,95209,95209,San Joaquin
31228,95210,95210,San Joaquin
31229,95211,95211,San Joaquin
31230,95212,95212,San Joaquin
31231,95215,95215,San Joaquin
31232,95219,95219,San Joaquin
31233,95220,95220,San Joaquin
31234,95222,95222,Calaveras
31235,95223,95223,Calaveras
31236,95224,95224,Calaveras
31237,95225,95225,Calaveras
31238,95226,95226,Calaveras
31239,95227,95227,San Joaquin
31240,95228,95228,Calaveras
31241,95230,95230,San Joaquin
31242,95231,95231,San Joaquin
31243,95232,95232,Calaveras
31244,95233,95233,Calaveras
31245,95234,95234,San Joaquin
31246,95236,95236,San Joaquin
31247,95237,95237,San Joaquin
31248,95240,95240,San Joaquin
31249,95242,95242,San Joaquin
31250,95245,95245,Calaveras
31251,95246,95246,Calaveras
31252,95247,95247,Calaveras
31253,95248,95248,Calaveras
31254,95249,95249,Calaveras
31255,95251,95251,Calaveras
31256,95252,95252,Calaveras
31257,95254,95254,Calaveras
31258,95255,95255,Calaveras
31259,95257,95257,Calaveras
31260,95258,95258,San Joaquin
31261,95301,95301,Merced
31262,95303,95303,Merced
31263,95304,95304,San Joaquin
31264,95305,95305,Tuolumne
31265,95306,95306,Mariposa
31266,95307,95307,Stanislaus
31267,95310,95310,Tuolumne
31268,95311,95311,Mariposa
31269,95312,95312,Merced
31270,95313,95313,Stanislaus
31271,95315,95315,Merced
31272,95316,95316,Stanislaus
31273,95317,95317,Merced
31274,95318,95318,Mariposa
31275,95319,95319,Stanislaus
31276,95320,95320,San Joaquin
31277,95321,95321,Tuolumne
31278,95322,95322,Merced
31279,95323,95323,Stanislaus
31280,95324,95324,Merced
31281,95325,95325,Mariposa
31282,95326,95326,Stanislaus
31283,95327,95327,Tuolumne
31284,95328,95328,Stanislaus
31285,95329,95329,Tuolumne
31286,95330,95330,San Joaquin
31287,95333,95333,Merced
31288,95334,95334,Merced
31289,95335,95335,Tuolumne
31290,95336,95336,San Joaquin
31291,95337,95337,San Joaquin
31292,95338,95338,Mariposa
31293,95340,95340,Merced
31294,95341,95341,Merced
31295,95345,95345,Mariposa
31296,95346,95346,Tuolumne
31297,95348,95348,Merced
31298,95350,95350,Stanislaus
31299,95351,95351,Stanislaus
31300,95354,95354,Stanislaus
31301,95355,95355,Stanislaus
31302,95356,95356,Stanislaus
31303,95357,95357,Stanislaus
31304,95358,95358,Stanislaus
31305,95360,95360,Stanislaus
31306,95361,95361,Stanislaus
31307,95363,95363,Stanislaus
31308,95364,95364,Tuolumne
31309,95365,95365,Merced
31310,95366,95366,San Joaquin
31311,95367,95367,Stanislaus
31312,95368,95368,Stanislaus
31313,95369,95369,Merced
31314,95370,95370,Tuolumne
31315,95372,95372,Tuolumne
31316,95374,95374,Merced
31317,95375,95375,Tuolumne
31318,95376,95376,San Joaquin
31319,95377,95377,San Joaquin
31320,95379,95379,Tuolumne
31321,95380,95380,Stanislaus
31322,95382,95382,Stanislaus
31323,95383,95383,Tuolumne
31324,95385,95385,Stanislaus
31325,95386,95386,Stanislaus
31326,95387,95387,Stanislaus
31327,95388,95388,Merced
31328,95389,95389,Mariposa
31329,95391,95391,San Joaquin
31330,95401,95401,Sonoma
31331,95403,95403,Sonoma
31332,95404,95404,Sonoma
31333,95405,95405,Sonoma
31334,95407,95407,Sonoma
31335,95409,95409,Sonoma
31336,95410,95410,Mendocino
31337,95412,95412,Sonoma
31338,95415,95415,Mendocino
31339,95417,95417,Mendocino
31340,95420,95420,Mendocino
31341,95421,95421,Sonoma
31342,95422,95422,Lake
31343,95423,95423,Lake
31344,95425,95425,Sonoma
31345,95426,95426,Lake
31346,95427,95427,Mendocino
31347,95428,95428,Mendocino
31348,95429,95429,Mendocino
31349,95430,95430,Sonoma
31350,95431,95431,Sonoma
31351,95432,95432,Mendocino
31352,95435,95435,Lake
31353,95436,95436,Sonoma
31354,95437,95437,Mendocino
31355,95439,95439,Sonoma
31356,95441,95441,Sonoma
31357,95442,95442,Sonoma
31358,95443,95443,Lake
31359,95444,95444,Sonoma
31360,95445,95445,Mendocino
31361,95446,95446,Sonoma
31362,95448,95448,Sonoma
31363,95449,95449,Mendocino
31364,95450,95450,Sonoma
31365,95451,95451,Lake
31366,95452,95452,Sonoma
31367,95453,95453,Lake
31368,95454,95454,Mendocino
31369,95456,95456,Mendocino
31370,95457,95457,Lake
31371,95458,95458,Lake
31372,95459,95459,Mendocino
31373,95460,95460,Mendocino
31374,95461,95461,Lake
31375,95462,95462,Sonoma
31376,95463,95463,Mendocino
31377,95464,95464,Lake
31378,95465,95465,Sonoma
31379,95466,95466,Mendocino
31380,95467,95467,Lake
31381,95468,95468,Mendocino
31382,95469,95469,Mendocino
31383,95470,95470,Mendocino
31384,95471,95471,Sonoma
31385,95472,95472,Sonoma
31386,95476,95476,Sonoma
31387,95482,95482,Mendocino
31388,95485,95485,Lake
31389,95486,95486,Sonoma
31390,95488,95488,Mendocino
31391,95490,95490,Mendocino
31392,95492,95492,Sonoma
31393,95493,95493,Lake
31394,95494,95494,Mendocino
31395,95497,95497,Sonoma
31396,95501,95501,Humboldt
31397,95503,95503,Humboldt
31398,95511,95511,Humboldt
31399,95514,95514,Humboldt
31400,95519,95519,Humboldt
31401,95521,95521,Humboldt
31402,95524,95524,Humboldt
31403,95525,95525,Humboldt
31404,95526,95526,Humboldt
31405,95527,95527,Trinity
31406,95528,95528,Humboldt
31407,95531,95531,Del Norte
31408,95536,95536,Humboldt
31409,95537,95537,Humboldt
31410,95540,95540,Humboldt
31411,95542,95542,Humboldt
31412,95543,95543,Del Norte
31413,95545,95545,Humboldt
31414,95546,95546,Humboldt
31415,95547,95547,Humboldt
31416,95548,95548,Del Norte
31417,95549,95549,Humboldt
31418,95550,95550,Humboldt
31419,95551,95551,Humboldt
31420,95552,95552,Trinity
31421,95553,95553,Humboldt
31422,95554,95554,Humboldt
31423,95555,95555,Humboldt
31424,95556,95556,Humboldt
31425,95558,95558,Humboldt
31426,95559,95559,Humboldt
31427,95560,95560,Humboldt
31428,95562,95562,Humboldt
31429,95563,95563,Trinity
31430,95564,95564,Humboldt
31431,95565,95565,Humboldt
31432,95567,95567,Del Norte
31433,95568,95568,Siskiyou
31434,95569,95569,Humboldt
31435,95570,95570,Humboldt
31436,95571,95571,Humboldt
31437,95573,95573,Humboldt
31438,95585,95585,Mendocino
31439,95587,95587,Mendocino
31440,95589,95589,Humboldt
31441,95595,95595,Trinity
31442,95601,95601,Amador
31443,95602,95602,Placer
31444,95603,95603,Placer
31445,95604,95604,Placer
31446,95605,95605,Yolo
31447,95606,95606,Yolo
31448,95607,95607,Yolo
31449,95608,95608,Sacramento
31450,95610,95610,Sacramento
31451,95612,95612,Yolo
31452,95614,95614,El Dorado
31453,95615,95615,Sacramento
31454,95616,95616,Yolo
31455,95618,95618,Yolo
31456,95619,95619,El Dorado
31457,95620,95620,Solano
31458,95621,95621,Sacramento
31459,95623,95623,El Dorado
31460,95624,95624,Sacramento
31461,95625,95625,Solano
31462,95626,95626,Sacramento
31463,95627,95627,Yolo
31464,95628,95628,Sacramento
31465,95629,95629,Amador
31466,95630,95630,Sacramento
31467,95631,95631,Placer
31468,95632,95632,Sacramento
31469,95633,95633,El Dorado
31470,95634,95634,El Dorado
31471,95635,95635,El Dorado
31472,95636,95636,El Dorado
31473,95637,95637,Yolo
31474,95638,95638,Sacramento
31475,95639,95639,Sacramento
31476,95640,95640,Amador
31477,95641,95641,Sacramento
31478,95642,95642,Amador
31479,95645,95645,Yolo
31480,95646,95646,Alpine
31481,95648,95648,Placer
31482,95650,95650,Placer
31483,95651,95651,El Dorado
31484,95652,95652,Sacramento
31485,95653,95653,Yolo
31486,95655,95655,Sacramento
31487,95658,95658,Placer
31488,95659,95659,Sutter
31489,95660,95660,Sacramento
31490,95661,95661,Placer
31491,95662,95662,Sacramento
31492,95663,95663,Placer
31493,95664,95664,El Dorado
31494,95665,95665,Amador
31495,95666,95666,Amador
31496,95667,95667,El Dorado
31497,95668,95668,Sutter
31498,95669,95669,Amador
31499,95670,95670,Sacramento
31500,95672,95672,El Dorado
31501,95673,95673,Sacramento
31502,95674,95674,Sutter
31503,95675,95675,Amador
31504,95677,95677,Placer
31505,95678,95678,Placer
31506,95679,95679,Yolo
31507,95680,95680,Sacramento
31508,95681,95681,Placer
31509,95682,95682,El Dorado
31510,95683,95683,Sacramento
31511,95684,95684,El Dorado
31512,95685,95685,Amador
31513,95686,95686,San Joaquin
31514,95687,95687,Solano
31515,95688,95688,Solano
31516,95689,95689,Amador
31517,95690,95690,Sacramento
31518,95691,95691,Yolo
31519,95692,95692,Yuba
31520,95693,95693,Sacramento
31521,95694,95694,Yolo
31522,95695,95695,Yolo
31523,95697,95697,Yolo
31524,95698,95698,Yolo
31525,95699,95699,Amador
31526,95701,95701,Placer
31527,95703,95703,Placer
31528,95709,95709,El Dorado
31529,95713,95713,Placer
31530,95714,95714,Placer
31531,95715,95715,Placer
31532,95717,95717,Placer
31533,95720,95720,El Dorado
31534,95721,95721,El Dorado
31535,95722,95722,Placer
31536,95724,95724,Placer
31537,95726,95726,El Dorado
31538,95728,95728,Placer
31539,95735,95735,El Dorado
31540,95736,95736,Placer
31541,95742,95742,Sacramento
31542,95746,95746,Placer
31543,95747,95747,Placer
31544,95757,95757,Sacramento
31545,95758,95758,Sacramento
31546,95762,95762,El Dorado
31547,95765,95765,Placer
31548,95776,95776,Yolo
31549,95811,95811,Sacramento
31550,95814,95814,Sacramento
31551,95815,95815,Sacramento
31552,95816,95816,Sacramento
31553,95817,95817,Sacramento
31554,95818,95818,Sacramento
31555,95819,95819,Sacramento
31556,95820,95820,Sacramento
31557,95821,95821,Sacramento
31558,95822,95822,Sacramento
31559,95823,95823,Sacramento
31560,95824,95824,Sacramento
31561,95825,95825,Sacramento
31562,95826,95826,Sacramento
31563,95827,95827,Sacramento
31564,95828,95828,Sacramento
31565,95829,95829,Sacramento
31566,95830,95830,Sacramento
31567,95831,95831,Sacramento
31568,95832,95832,Sacramento
31569,95833,95833,Sacramento
31570,95834,95834,Sacramento
31571,95835,95835,Sacramento
31572,95837,95837,Sacramento
31573,95838,95838,Sacramento
31574,95841,95841,Sacramento
31575,95842,95842,Sacramento
31576,95843,95843,Sacramento
31577,95864,95864,Sacramento
31578,95901,95901,Yuba
31579,95903,95903,Yuba
31580,95910,95910,Sierra
31581,95912,95912,Colusa
31582,95914,95914,Butte
31583,95915,95915,Plumas
31584,95916,95916,Butte
31585,95917,95917,Butte
31586,95918,95918,Yuba
31587,95919,95919,Yuba
31588,95920,95920,Glenn
31589,95922,95922,Yuba
31590,95923,95923,Plumas
31591,95925,95925,Yuba
31592,95926,95926,Butte
31593,95928,95928,Butte
31594,95930,95930,Butte
31595,95932,95932,Colusa
31596,95934,95934,Plumas
31597,95935,95935,Yuba
31598,95936,95936,Sierra
31599,95937,95937,Yolo
31600,95938,95938,Butte
31601,95939,95939,Glenn
31602,95941,95941,Butte
31603,95942,95942,Butte
31604,95943,95943,Glenn
31605,95944,95944,Sierra
31606,95945,95945,Nevada
31607,95946,95946,Nevada
31608,95947,95947,Plumas
31609,95948,95948,Butte
31610,95949,95949,Nevada
31611,95950,95950,Colusa
31612,95951,95951,Glenn
31613,95953,95953,Sutter
31614,95954,95954,Butte
31615,95955,95955,Colusa
31616,95956,95956,Plumas
31617,95957,95957,Sutter
31618,95959,95959,Nevada
31619,95960,95960,Nevada
31620,95961,95961,Yuba
31621,95962,95962,Yuba
31622,95963,95963,Glenn
31623,95965,95965,Butte
31624,95966,95966,Butte
31625,95968,95968,Butte
31626,95969,95969,Butte
31627,95970,95970,Colusa
31628,95971,95971,Plumas
31629,95973,95973,Butte
31630,95974,95974,Butte
31631,95975,95975,Nevada
31632,95977,95977,Nevada
31633,95978,95978,Butte
31634,95979,95979,Colusa
31635,95981,95981,Yuba
31636,95982,95982,Sutter
31637,95983,95983,Plumas
31638,95984,95984,Plumas
31639,95986,95986,Nevada
31640,95987,95987,Colusa
31641,95988,95988,Glenn
31642,95991,95991,Sutter
31643,95993,95993,Sutter
31644,96001,96001,Shasta
31645,96002,96002,Shasta
31646,96003,96003,Shasta
31647,96006,96006,Modoc
31648,96007,96007,Shasta
31649,96008,96008,Shasta
31650,96009,96009,Lassen
31651,96010,96010,Trinity
31652,96011,96011,Shasta
31653,96013,96013,Shasta
31654,96014,96014,Siskiyou
31655,96015,96015,Modoc
31656,96016,96016,Shasta
31657,96017,96017,Shasta
31658,96019,96019,Shasta
31659,96020,96020,Plumas
31660,96021,96021,Tehama
31661,96022,96022,Tehama
31662,96023,96023,Siskiyou
31663,96024,96024,Trinity
31664,96025,96025,Siskiyou
31665,96027,96027,Siskiyou
31666,96028,96028,Shasta
31667,96029,96029,Tehama
31668,96031,96031,Siskiyou
31669,96032,96032,Siskiyou
31670,96033,96033,Shasta
31671,96034,96034,Siskiyou
31672,96035,96035,Tehama
31673,96037,96037,Siskiyou
31674,96038,96038,Siskiyou
31675,96039,96039,Siskiyou
31676,96040,96040,Shasta
31677,96041,96041,Trinity
31678,96044,96044,Siskiyou
31679,96046,96046,Trinity
31680,96047,96047,Shasta
31681,96048,96048,Trinity
31682,96049,96049,Siskiyou
31683,96050,96050,Siskiyou
31684,96051,96051,Shasta
31685,96052,96052,Trinity
31686,96054,96054,Modoc
31687,96055,96055,Tehama
31688,96056,96056,Shasta
31689,96057,96057,Siskiyou
31690,96058,96058,Siskiyou
31691,96059,96059,Tehama
31692,96061,96061,Tehama
31693,96062,96062,Shasta
31694,96063,96063,Tehama
31695,96064,96064,Siskiyou
31696,96065,96065,Shasta
31697,96067,96067,Siskiyou
31698,96068,96068,Lassen
31699,96069,96069,Shasta
31700,96071,96071,Shasta
31701,96073,96073,Shasta
31702,96074,96074,Tehama
31703,96075,96075,Tehama
31704,96076,96076,Trinity
31705,96080,96080,Tehama
31706,96084,96084,Shasta
31707,96085,96085,Siskiyou
31708,96086,96086,Siskiyou
31709,96087,96087,Shasta
31710,96088,96088,Shasta
31711,96090,96090,Tehama
31712,96091,96091,Trinity
31713,96092,96092,Tehama
31714,96093,96093,Trinity
31715,96094,96094,Siskiyou
31716,96096,96096,Shasta
31717,96097,96097,Siskiyou
31718,96101,96101,Modoc
31719,96103,96103,Plumas
31720,96104,96104,Modoc
31721,96105,96105,Plumas
31722,96106,96106,Plumas
31723,96107,96107,Mono
31724,96108,96108,Modoc
31725,96109,96109,Lassen
31726,96110,96110,Modoc
31727,96111,96111,Sierra
31728,96112,96112,Modoc
31729,96113,96113,Lassen
31730,96114,96114,Lassen
31731,96115,96115,Modoc
31732,96116,96116,Modoc
31733,96117,96117,Lassen
31734,96118,96118,Sierra
31735,96119,96119,Lassen
31736,96120,96120,Alpine
31737,96121,96121,Lassen
31738,96122,96122,Plumas
31739,96123,96123,Lassen
31740,96124,96124,Sierra
31741,96125,96125,Sierra
31742,96126,96126,Sierra
31743,96128,96128,Lassen
31744,96129,96129,Plumas
31745,96130,96130,Lassen
31746,96132,96132,Lassen
31747,96133,96133,Mono
31748,96134,96134,Siskiyou
31749,96135,96135,Plumas
31750,96136,96136,Lassen
31751,96137,96137,Lassen
31752,96140,96140,Placer
31753,96141,96141,Placer
31754,96142,96142,El Dorado
31755,96143,96143,Placer
31756,96145,96145,Placer
31757,96146,96146,Placer
31758,96148,96148,Placer
31759,96150,96150,El Dorado
31760,96155,96155,El Dorado
31761,96161,96161,Nevada
